,Unnamed: 0,feat0,feat1,feat2,feat3,feat4,feat5,feat6,feat7,feat8,feat9
0,-1,-1.961924093566577,-0.9493198812601814,-1.9383037934813168,-0.9781276144859633,-2.044223498424446,-1.0348207628376989,-2.043400845652025,-1.0025922619981833,-1.9800925138295373,-1.0176461251598037
1,0,-2.0018820165277904,-1.044641636506989,-2.0514740612388005,-1.026327528147853,-2.0084487241112168,-1.0191633397482223,-1.9255884359212427,-1.039493382874093,-2.068331547093973,-1.092204049626824
2,1,-1.9147010937033246,-0.9493198812601814,-1.9555487866634096,-1.0056704222927573,-2.045599451282647,-1.0341944659141198,-2.032355932239764,-1.0025922619981833,-1.997138690710167,-1.0259303389894727
3,2,-2.0890629393522566,-1.044641636506989,-2.011595014505211,-1.0366560810754006,-1.9878094312382002,-0.9750094066358977,-2.036037570043851,-0.9656911411222733,-1.9773122550334987,-1.0093619113301349
4,3,-1.9946169396257518,-1.044641636506989,-2.0363846922044693,-0.9781276144859633,-1.9960651483874068,-0.984403860489584,-1.9918579163948078,-1.0025922619981833,-2.031987639488053,-1.046640873563645
5,4,-2.092695477803276,-1.044641636506989,-2.0406959404999925,-1.0194418261961544,-2.0689906498720663,-1.0792878444118128,-1.9587231761580253,-1.0763945037500033,-2.0411761669188953,-1.0963461565416583
6,5,-2.0454724779400237,-0.9493198812601814,-2.0471628129432773,-1.0159989752203051,-2.0400956398498424,-1.0248000120604337,-1.9992211920029817,-1.039493382874093,-2.062916879143655,-1.038356659733976
7,6,-1.936496324409441,-0.9493198812601814,-2.001894705840284,-0.9333705517999229,-1.9093801183207362,-0.8910856188763026,-1.9771313651784599,-0.9822966455164328,-2.0358161925842375,-0.9969355905856316
8,7,-1.9582915551155575,-0.9493198812601814,-1.9383037934813168,-1.04009893205125,-2.0139525355440213,-0.9937983143432699,-2.0286742944356773,-1.0025922619981833,-2.0149596938126435,-0.9886513767559626
9,8,-2.0709002470971596,-1.044641636506989,-1.9609378470328136,-1.0332132300995513,-2.01257658268582,-1.0345076143759093,-2.02499265663159,-1.0025922619981833,-1.9322629469350647,-1.0135040182449693
10,9,-2.0963280162542954,-1.044641636506989,-2.0838084234552245,-0.9918990183893605,-2.103389471327094,-1.0905611890362361,-2.013947743219329,-1.0763945037500033,-2.062916879143655,-1.0342145528191415
11,10,-1.9728217089196354,-0.9493198812601814,-1.9824940885104294,-1.0332132300995513,-2.0070727712530156,-0.954028459695999,-2.0654906724765465,-0.9287900202463633,-2.096434949940487,-1.0590671943081482
12,11,-1.9837193242726936,-1.044641636506989,-2.028840007687304,-1.0091132732686066,-2.0043208655366134,-1.0097688858945362,-1.9550415383539383,-1.039493382874093,-2.0307479175330982,-1.0424987666488106
13,12,-1.9946169396257518,-0.9493198812601814,-2.001894705840284,-0.9918990183893605,-2.0043208655366134,-1.0157187066685374,-2.0029028298070686,-1.0025922619981833,-1.9616060717365336,-1.0135040182449693
14,13,-1.9546590166645381,-1.044641636506989,-2.0256065714656613,-1.0125561242444558,-1.9823056198053957,-1.0000612835790605,-1.9182251603130689,-1.039493382874093,-2.031987639488053,-1.075635621967486
15,14,-2.0527375548420626,-0.9493198812601814,-2.018061886948496,-0.9195991478965259,-1.9107560711789373,-0.8923382127234606,-2.039719207847938,-0.8918888993704533,-1.963939666004684,-1.0424987666488106
16,15,-2.00551455497881,-1.044641636506989,-1.9577044108111712,-0.9505848066791693,-1.97542585551439,-1.0238605666750653,-1.9255884359212427,-1.039493382874093,-1.947723008961561,-0.9720829490966248
17,16,-1.9292312475074023,-0.9493198812601814,-1.9878831488798334,-0.9436991047274707,-1.965794185506982,-0.9505838266163141,-2.039719207847938,-0.9656911411222733,-1.972635950894588,-1.0010776975004658
18,17,-2.038207401037985,-1.044641636506989,-2.0105172024313305,-1.0366560810754006,-2.03734373413344,-1.0194764882100118,-2.0286742944356773,-1.0025922619981833,-2.01811369231569,-1.0176461251598037
19,18,-2.0273097856849267,-1.044641636506989,-2.018061886948496,-1.04009893205125,-2.0029449126784122,-1.0113346282034839,-1.9624048139621122,-1.039493382874093,-2.0089433960900682,-1.0549250873933138
20,19,-2.049105016391043,-1.044641636506989,-2.0568631216082047,-1.0435417830270992,-2.045599451282647,-1.0432757713060163,-1.9992211920029817,-1.039493382874093,-2.011896851335696,-0.9845092698411282
21,20,-2.085430400901237,-0.9493198812601814,-2.022373135244019,-0.9987847203410589,-2.03734373413344,-1.0263657543693816,-1.984494640786634,-1.039493382874093,-2.0721327533823275,-1.0176461251598037
22,21,-2.085430400901237,-1.044641636506989,-2.004050329988045,-1.0091132732686066,-2.0029449126784122,-0.9922325720343222,-1.9771313651784599,-1.039493382874093,-2.0611757990451527,-1.0135040182449693
23,22,-1.9546590166645381,-0.9493198812601814,-1.9393816055551976,-0.9689352023804458,-1.9712979969397866,-1.0473467013092803,-2.0544457590642855,-0.9287900202463633,-1.8664027180780864,-0.864388169310929
24,23,-2.0636351701951208,-1.044641636506989,-1.964171283254456,-1.0228846771720037,-2.0304639698424345,-1.0188501912864325,-2.0065844676111553,-1.0025922619981833,-2.025953110560258,-1.0549250873933138
25,24,-2.06726770864614,-0.9493198812601814,-2.0126728265790916,-1.04009893205125,-2.0153284884022225,-0.9953640566522176,-2.0581273968683726,-0.9656911411222733,-1.9808035308331144,-1.0342145528191415
26,25,-2.1072256316073537,-1.044641636506989,-2.0773415510119397,-1.026327528147853,-2.089629942745083,-1.0961978613484478,-1.9734497273743732,-1.0763945037500033,-2.0425708541182193,-1.0052198044153005
27,26,-2.0236772472339073,-1.044641636506989,-1.9404594176290784,-1.04009893205125,-2.0428475455662447,-1.0435889197678059,-1.9881762785907209,-1.039493382874093,-2.015998872510179,-0.9596566283521215
28,27,-1.9473939397624993,-1.044641636506989,-2.0212953231701385,-1.0745274418097426,-2.0400956398498424,-1.0376390989938047,-2.0065844676111553,-1.039493382874093,-2.0006117353045627,-1.0549250873933138
29,28,-1.9328637859584217,-0.9493198812601814,-2.006205954135807,-0.9368134027757722,-2.0428475455662447,-1.0958847128866582,-1.9476782627457645,-1.0763945037500033,-1.9405763765153503,-0.9472303076076181
30,29,-2.0600026317441014,-1.044641636506989,-1.9555487866634096,-1.0194418261961544,-2.009824676969418,-1.0075768466620094,-1.9771313651784599,-1.039493382874093,-2.027129023296943,-1.0093619113301349
31,30,-2.0236772472339073,-1.044641636506989,-2.065485618199251,-1.0814131437614412,-2.0387196869916413,-1.053609670545071,-1.9403149871375907,-1.0763945037500033,-2.0371288393600717,-1.0424987666488106
32,31,-1.9655566320175963,-0.9493198812601814,-1.8747128811223497,-0.9712419125342648,-2.053855168431854,-1.0129003705124315,-2.1023070505174157,-0.8918888993704533,-1.9997275218513964,-0.9720829490966248
33,32,-1.969189170468616,-1.044641636506989,-2.05039624916492,-1.0022275713169082,-2.044223498424446,-1.089934892112657,-1.8814087822721994,-1.0763945037500033,-2.01811369231569,-0.9969355905856316
34,33,-1.9837193242726936,-1.044641636506989,-2.0633299940514895,-1.0573131869304964,-2.057983027006457,-1.048912443618228,-1.9918579163948078,-1.039493382874093,-2.0594711813570896,-1.0673514081378173
35,34,-1.9510264782135187,-0.9493198812601814,-2.0309956318350655,-1.0492913441567675,-1.9506587040667698,-1.0041322135823245,-1.8666822310558517,-1.053515808806939,-1.978688711027603,-0.9803671629262937
36,35,-1.987351862723713,-1.044641636506989,-1.9771050281410256,-0.94714195570332,-1.9919372898128034,-1.0285577936019081,-1.9624048139621122,-1.039493382874093,-1.945280027462091,-1.0259303389894727
37,36,-2.0091470934298292,-1.044641636506989,-1.9889609609537144,-1.0573131869304964,-2.0249601584096304,-1.0429626228442268,-1.969768089570286,-1.039493382874093,-1.9829639286516756,-1.0052198044153005
38,37,-2.0018820165277904,-0.9493198812601814,-1.9286034848163895,-0.9023848930172796,-1.9121320240371384,-0.9245925042877827,-2.0213110188275034,-0.9287900202463633,-1.92857112787803,-0.9762250560114593
39,38,-2.0018820165277904,-0.9493198812601814,-1.985727524732072,-1.0745274418097426,-1.997441101245608,-0.9937983143432699,-2.013947743219329,-1.0025922619981833,-1.9808035308331144,-0.9969355905856316
40,39,-1.9946169396257518,-0.9493198812601814,-2.0083615782835684,-0.9781276144859633,-1.9451548926339652,-0.9267845435203095,-2.02499265663159,-0.9656911411222733,-1.987448805135777,-0.9058092384592735
41,40,-2.099960554705315,-1.044641636506989,-2.0676412423470127,-1.1089559515682352,-2.074494461304871,-1.0727117267142325,-1.984494640786634,-1.039493382874093,-2.0498724518087994,-1.0093619113301349
42,41,-2.0600026317441014,-0.9493198812601814,-2.0105172024313305,-1.0148628343982748,-2.0497273098572504,-1.0235474182132756,-2.0581273968683726,-0.9841417015602283,-2.009918765569334,-1.0342145528191415
43,42,-1.9800867858216742,-1.044641636506989,-2.0234509473178997,-1.0710845908338933,-1.9795537140889934,-1.0100820343563257,-1.8814087822721994,-1.0763945037500033,-2.0425708541182193,-0.9265197730334458
44,43,-1.9546590166645381,-0.9493198812601814,-1.931836921038032,-0.9918990183893605,-2.0167044412604236,-0.9953640566522176,-2.0765355858888075,-0.9287900202463633,-1.967567675843449,-1.0176461251598037
45,44,-1.9728217089196354,-0.9493198812601814,-2.0353068801305887,-0.9677990615584156,-2.011200629827619,-0.9984955412701129,-2.0102661054152424,-1.0025922619981833,-2.0149596938126435,-1.0507829804784794
46,45,-2.056370093293082,-1.044641636506989,-2.011595014505211,-1.0332132300995513,-2.046975404140848,-1.0476598497710699,-1.9955395541988947,-1.039493382874093,-2.007977142213412,-1.0880619427119895
47,46,-2.0781653239991984,-1.044641636506989,-2.0730303027164165,-1.0573131869304964,-2.0841261313122783,-1.0742774690231802,-2.02499265663159,-1.039493382874093,-2.01811369231569,-1.083919835797155
48,47,-1.9328637859584217,-0.9493198812601814,-2.0417737525738735,-0.988456167413511,-1.997441101245608,-0.9941114628050595,-1.9587231761580253,-1.039493382874093,-2.0594711813570896,-1.021788232074638
49,48,-2.0418399394890043,-0.9493198812601814,-1.985727524732072,-1.0056704222927573,-2.01257658268582,-0.9937983143432699,-2.0728539480847203,-0.9287900202463633,-1.9645412957769415,-1.0135040182449693
50,49,-1.9655566320175963,-1.044641636506989,-2.007283766209688,-0.9850133164376619,-2.044223498424446,-1.0373259505320152,-2.0029028298070686,-1.039493382874093,-2.021395309255277,-0.9927934836707971
51,50,-1.9401288628604605,-0.9493198812601814,-1.9835719005843104,-0.9712419125342648,-2.0414715927080436,-1.0291840905254872,-2.0286742944356773,-1.0025922619981833,-2.002398393416115,-1.021788232074638
52,51,-2.0527375548420626,-1.044641636506989,-2.0094393903574495,-1.0056704222927573,-1.9602903740741777,-0.9552810535431571,-1.9734497273743732,-1.0025922619981833,-2.01811369231569,-1.0135040182449693
53,52,-2.0091470934298292,-1.044641636506989,-2.0159062628007343,-0.9299277008240737,-1.9878094312382002,-0.9778277427920037,-1.984494640786634,-1.0025922619981833,-2.033245592648228,-0.9513724145224525
54,53,-2.049105016391043,-1.044641636506989,-1.974949403993264,-0.9918990183893605,-1.9795537140889934,-0.9822118212570571,-1.9476782627457645,-1.039493382874093,-2.0411761669188953,-0.9927934836707971
55,54,-2.0418399394890043,-1.044641636506989,-2.049318437091039,-1.0366560810754006,-2.0070727712530156,-1.022607972827907,-1.914543522508982,-1.039493382874093,-2.0664901953667605,-0.9927934836707971
56,55,-2.0418399394890043,-1.044641636506989,-1.958782222885052,-1.026327528147853,-2.031839922700636,-1.0304366843726454,-2.036037570043851,-0.9970570938667968,-1.966346185093714,-1.0176461251598037
57,56,-2.0273097856849267,-1.044641636506989,-2.0633299940514895,-1.0504274849787978,-2.089629942745083,-1.1043397213549757,-1.9476782627457645,-1.0763945037500033,-2.0561531020070634,-1.0673514081378173
58,57,-1.9582915551155575,-1.044641636506989,-2.06440780612537,-0.9643562105825663,-1.9878094312382002,-1.0579937490101246,-1.8188209396027215,-1.0763945037500033,-2.0006117353045627,-1.0507829804784794
59,58,-1.936496324409441,-0.9493198812601814,-2.0256065714656613,-0.988456167413511,-1.9355232226265575,-0.9515232720016827,-1.969768089570286,-1.0025922619981833,-1.9616060717365336,-0.9803671629262937
60,59,-2.0709002470971596,-1.044641636506989,-2.004050329988045,-1.04009893205125,-2.066238744155664,-1.0786615474882337,-1.9476782627457645,-1.0763945037500033,-2.051403873047273,-1.0342145528191415
61,60,-2.0418399394890043,-0.9493198812601814,-1.995427833396999,-1.053870335954647,-2.044223498424446,-1.0273051997547502,-2.080217223692894,-0.9287900202463633,-1.9633562674376464,-0.9803671629262937
62,61,-2.0273097856849267,-0.9493198812601814,-2.007283766209688,-1.04009893205125,-2.011200629827619,-1.0138398158978001,-1.9403149871375907,-1.039493382874093,-2.082378690715925,-1.0259303389894727
63,62,-2.0345748625869655,-1.044641636506989,-2.0374625042783503,-1.0607560379063454,-1.9795537140889934,-0.9565336473903153,-2.013947743219329,-1.0025922619981833,-2.0307479175330982,-1.0714935150526517
64,63,-1.9328637859584217,-0.9493198812601814,-2.0256065714656613,-1.04009893205125,-2.0634868384392617,-1.0598726397808618,-2.0029028298070686,-1.039493382874093,-2.019198449026276,-0.9886513767559626
65,64,-2.0454724779400237,-0.9493198812601814,-2.0245287593917807,-0.9402562537516215,-1.9946891955292056,-0.985030157413163,-2.0544457590642855,-0.9287900202463633,-1.95765901580642,-0.9845092698411282
66,65,-2.0091470934298292,-0.9493198812601814,-2.018061886948496,-1.0332132300995513,-2.020832299835027,-0.9878484935692688,-2.0728539480847203,-0.9287900202463633,-1.9997275218513964,-0.9803671629262937
67,66,-1.9582915551155575,-0.9493198812601814,-2.0148284507268532,-1.0171351160423354,-2.0056968183948145,-0.9916062751107432,-2.013947743219329,-1.001854239580665,-2.011896851335696,-0.9969355905856316
68,67,-1.961924093566577,-0.9493198812601814,-2.0299178197611845,-1.04009893205125,-2.033215875558837,-1.0241737151368546,-2.0102661054152424,-1.0025922619981833,-2.012908683225402,-0.9969355905856316
69,68,-1.9837193242726936,-1.044641636506989,-2.0460850008693967,-1.0056704222927573,-2.0758704141630715,-1.0614383820898095,-2.013947743219329,-1.039493382874093,-2.051403873047273,-0.9803671629262937
70,69,-2.0018820165277904,-1.044641636506989,-2.0697968664947743,-1.0125561242444558,-2.00019300696201,-1.009142588970957,-1.9292700737253299,-1.039493382874093,-2.062916879143655,-0.9596566283521215
71,70,-2.0018820165277904,-1.044641636506989,-1.9663269074022176,-0.8748420852104855,-1.97542585551439,-0.9737568127887397,-2.0102661054152424,-1.0025922619981833,-1.9732831586798953,-0.9389460937779492
72,71,-1.936496324409441,-0.9493198812601814,-2.004050329988045,-1.0125561242444558,-1.8969965425969262,-0.9512101235398932,-1.9439966249416776,-1.0025922619981833,-1.9155084693379538,-1.0176461251598037
73,72,-1.987351862723713,-0.9493198812601814,-2.0202175110962575,-1.0022275713169082,-1.9616663269323789,-0.9468260450748397,-2.0065844676111553,-0.9656911411222733,-2.0051421898017137,-1.0093619113301349
74,73,-1.987351862723713,-0.9493198812601814,-1.9975834575447606,-0.9436991047274707,-1.9726739497979877,-0.9828381181806362,-1.9587231761580253,-1.039493382874093,-1.9962909396674404,-0.9265197730334458
75,74,-2.0091470934298292,-0.9493198812601814,-2.0309956318350655,-1.026327528147853,-2.011200629827619,-1.0010007289644292,-2.0213110188275034,-1.0025922619981833,-1.9937932645523109,-0.9720829490966248
76,75,-2.030942324135946,-0.9493198812601814,-1.9717159677716216,-0.9299277008240737,-2.126780669916513,-1.106844909049292,-2.0544457590642855,-1.0479806406755525,-2.0307479175330982,-0.9845092698411282
77,76,-2.0963280162542954,-1.044641636506989,-2.0363846922044693,-1.0745274418097426,-2.0387196869916413,-1.0276183482165395,-1.984494640786634,-1.039493382874093,-2.074092607943469,-1.0010776975004658
78,77,-1.9946169396257518,-1.044641636506989,-2.0579409336820853,-1.0228846771720037,-2.067614697013865,-1.0683276482491793,-2.0544457590642855,-1.0025922619981833,-1.9571029640472122,-1.083919835797155
79,78,-2.1035930931563342,-1.044641636506989,-2.0374625042783503,-1.026327528147853,-1.997441101245608,-0.9800197820245304,-1.9881762785907209,-1.0025922619981833,-2.068331547093973,-1.0259303389894727
80,79,-1.9292312475074023,-1.044641636506989,-1.9878831488798334,-0.9574705086308678,-1.9286434583355518,-0.9465128966130502,-1.9476782627457645,-1.0025922619981833,-1.97460492105834,-1.0052198044153005
81,80,-1.987351862723713,-0.9493198812601814,-2.022373135244019,-1.0297703791237023,-1.989185384096401,-0.971564773556213,-2.0213110188275034,-0.9656911411222733,-2.00608109687054,-1.0010776975004658
82,81,-2.016412170331868,-1.044641636506989,-2.0353068801305887,-1.026327528147853,-1.9671701383651834,-0.9828381181806362,-1.8998169712926343,-1.039493382874093,-2.0702093612316252,-1.0797777288823207
83,82,-2.038207401037985,-1.044641636506989,-1.990038773027595,-1.0469846340029485,-2.0593589798646583,-1.052983373621492,-2.0102661054152424,-1.039493382874093,-2.015998872510179,-1.0424987666488106
84,83,-1.9982494780767712,-1.044641636506989,-2.039618128426112,-1.1009341087945064,-2.029088016984234,-1.0301235359108558,-1.9550415383539383,-1.050194707928107,-2.068331547093973,-1.129483011860334
85,84,-1.9546590166645381,-1.044641636506989,-1.9286034848163895,-0.9987847203410589,-2.009824676969418,-1.0010007289644292,-1.984494640786634,-1.039493382874093,-2.0411761669188953,-1.0714935150526517
86,85,-2.0709002470971596,-0.9493198812601814,-2.075185926864178,-1.04009893205125,-2.0511032627154515,-1.0150924097449583,-2.039719207847938,-1.0025922619981833,-2.096434949940487,-1.0342145528191415
87,86,-1.9546590166645381,-1.044641636506989,-2.006205954135807,-0.988456167413511,-1.9368991754847587,-0.9837775635660048,-1.9034986090967212,-1.039493382874093,-1.9571029640472122,-1.038356659733976
88,87,-2.0527375548420626,-0.9493198812601814,-2.0406959404999925,-1.067641739858044,-2.031839922700636,-1.0370128020702256,-1.9624048139621122,-1.039493382874093,-2.0345217770136226,-0.9306618799482803
89,88,-2.0454724779400237,-1.044641636506989,-2.0482406250171583,-1.0194418261961544,-2.00019300696201,-1.016031855130327,-1.9329517115294168,-1.039493382874093,-2.0247954290287926,-0.9803671629262937
90,89,-1.987351862723713,-1.044641636506989,-2.0256065714656613,-1.04009893205125,-2.0304639698424345,-1.0451546620767536,-1.9219067981171558,-1.0763945037500033,-2.0721327533823275,-0.9886513767559626
91,90,-1.9546590166645381,-1.044641636506989,-1.948004102146244,-1.053870335954647,-1.9368991754847587,-0.935239551988627,-2.0102661054152424,-0.9656911411222733,-1.962763753267999,-0.9803671629262937
92,91,-2.020044708782888,-1.044641636506989,-1.995427833396999,-0.9023848930172796,-1.9946891955292056,-1.0207290820571697,-1.9366333493335037,-1.039493382874093,-1.987448805135777,-0.9886513767559626
93,92,-2.049105016391043,-1.044641636506989,-2.06440780612537,-1.1020702496165367,-2.0029449126784122,-1.0154055582067478,-1.9366333493335037,-1.0472426182580343,-2.033245592648228,-1.0549250873933138
94,93,-2.0781653239991984,-1.044641636506989,-2.016984074874615,-1.0125561242444558,-2.00019300696201,-1.0135266674360106,-1.9292700737253299,-1.039493382874093,-2.0411761669188953,-1.092204049626824
95,94,-2.0709002470971596,-1.044641636506989,-2.0579409336820853,-1.0814131437614412,-2.045599451282647,-1.0288709420636977,-2.043400845652025,-1.0025922619981833,-1.9988524240008398,-1.0052198044153005
96,95,-1.94376140131148,-0.9493198812601814,-1.990038773027595,-0.9505848066791693,-2.0043208655366134,-1.0122740735888525,-2.043400845652025,-0.9656911411222733,-1.939209036123856,-0.9679408421817904
97,96,-2.0273097856849267,-1.044641636506989,-1.9113584916342967,-1.0251913873258227,-1.9781777612307923,-0.9574730927756839,-2.032355932239764,-0.9656911411222733,-1.997138690710167,-0.9223776661186114
98,97,-1.9982494780767712,-0.9493198812601814,-2.0051281420619262,-1.0125561242444558,-2.0153284884022225,-1.0138398158978001,-1.9918579163948078,-1.039493382874093,-2.00608109687054,-1.0673514081378173
99,98,-2.0018820165277904,-1.044641636506989,-2.06440780612537,-0.988456167413511,-1.9726739497979877,-0.9624834681643164,-2.013947743219329,-0.9656911411222733,-1.9882145157550137,-1.0549250873933138
100,99,-1.9837193242726936,-1.044641636506989,-1.9824940885104294,-1.0228846771720037,-1.939651081201161,-0.9555942020049467,-1.969768089570286,-1.0025922619981833,-1.962763753267999,-1.0010776975004658
101,100,-1.9837193242726936,-0.9493198812601814,-2.0450071887955157,-0.9368134027757722,-1.989185384096401,-1.00037443204085,-1.9366333493335037,-1.039493382874093,-2.0307479175330982,-0.9637987352669559
102,101,-2.092695477803276,-1.044641636506989,-1.9717159677716216,-1.0159989752203051,-1.96304227979058,-0.9750094066358977,-1.9439966249416776,-1.039493382874093,-2.0051421898017137,-1.0010776975004658
103,102,-1.9401288628604605,-0.9493198812601814,-1.958782222885052,-0.988456167413511,-1.9589144212159766,-0.9292897312146257,-2.036037570043851,-0.9656911411222733,-2.01090325065121,-1.0300724459043071
104,103,-2.0273097856849267,-1.044641636506989,-1.9350703572596744,-1.0022275713169082,-2.0249601584096304,-1.0172844489774848,-1.9771313651784599,-1.039493382874093,-2.0611757990451527,-1.0632093012229828
105,104,-1.9764542473706548,-0.9493198812601814,-2.0320734439089465,-1.04009893205125,-2.031839922700636,-1.0216685274425386,-2.013947743219329,-1.0025922619981833,-2.01090325065121,-0.9803671629262937
106,105,-2.0963280162542954,-1.044641636506989,-2.076263738938059,-1.0435417830270992,-2.045599451282647,-1.0348207628376989,-1.9918579163948078,-1.039493382874093,-2.0594711813570896,-1.083919835797155
107,106,-1.9728217089196354,-1.044641636506989,-1.9501597262940056,-1.0550064767766774,-2.0029449126784122,-0.9593519835464211,-2.0581273968683726,-0.9472405806843183,-2.0529626410935764,-1.0052198044153005
108,107,-1.9800867858216742,-0.9493198812601814,-1.9544709745895288,-0.9701057717122346,-2.0621108855810606,-1.0558017097775978,-2.0728539480847203,-0.9730713652974553,-1.9543956300720533,-0.9596566283521215
109,108,-1.961924093566577,-0.9493198812601814,-2.0094393903574495,-0.9976485795190287,-1.998817054103809,-0.9624834681643164,-2.0544457590642855,-0.949823659145632,-2.025953110560258,-0.8933829177147701
110,109,-1.9582915551155575,-0.9493198812601814,-2.0320734439089465,-1.0228846771720037,-2.0497273098572504,-1.040144286688121,-1.969768089570286,-1.039493382874093,-2.126097120833305,-0.9845092698411282
111,110,-1.9800867858216742,-1.044641636506989,-1.995427833396999,-1.026327528147853,-1.9768018083725911,-0.989727384340006,-1.9329517115294168,-1.039493382874093,-2.0236468630999376,-1.046640873563645
112,111,-2.085430400901237,-1.044641636506989,-1.979260652288787,-1.026327528147853,-1.9946891955292056,-0.9803329304863199,-2.0029028298070686,-1.0025922619981833,-2.0236468630999376,-0.9969355905856316
113,112,-1.9800867858216742,-0.9493198812601814,-1.985727524732072,-0.9368134027757722,-1.9850575255217977,-0.9797066335627409,-2.0470824834561117,-0.9656911411222733,-1.9533382201692977,-0.909951345374108
114,113,-1.9764542473706548,-1.044641636506989,-1.8898022501566807,-0.9368134027757722,-1.986433478379999,-1.0329418720669616,-2.02499265663159,-0.97934455584636,-1.9007594243150348,-0.9762250560114593
115,114,-2.030942324135946,-0.9493198812601814,-1.9986612696186414,-1.0056704222927573,-1.9355232226265575,-0.9505838266163141,-2.0470824834561117,-0.8918888993704533,-1.916201255136311,-0.9969355905856316
116,115,-1.9510264782135187,-0.9493198812601814,-1.9415372297029592,-0.9299277008240737,-1.986433478379999,-0.9793934851009513,-2.0213110188275034,-0.9656911411222733,-1.977995925229246,-0.9720829490966248
117,116,-1.9401288628604605,-1.044641636506989,-2.0212953231701385,-0.9127134459448274,-1.9547865626413732,-0.9684332889383176,-2.0470824834561117,-0.9287900202463633,-1.9208775592752216,-0.864388169310929
118,117,-2.056370093293082,-0.9493198812601814,-2.0105172024313305,-0.9746847635101141,-1.9768018083725911,-0.9599782804700002,-2.039719207847938,-0.9656911411222733,-1.9793906124285703,-0.9430882006927837
119,118,-1.9837193242726936,-1.044641636506989,-2.0471628129432773,-1.0022275713169082,-2.019456346976826,-1.0429626228442268,-1.9660864517661991,-1.039493382874093,-1.972635950894588,-0.9720829490966248
120,119,-2.049105016391043,-1.044641636506989,-1.995427833396999,-0.988456167413511,-2.03734373413344,-1.0185370428246432,-2.0176293810234163,-1.0025922619981833,-2.0398088265274006,-1.021788232074638
121,120,-1.936496324409441,-1.044641636506989,-1.9824940885104294,-0.9781276144859633,-1.9919372898128034,-0.9784540397155826,-2.036037570043851,-0.9656911411222733,-1.9800925138295373,-0.9886513767559626
122,121,-1.9510264782135187,-0.9493198812601814,-1.9189031761514623,-0.9781276144859633,-1.9561625154995743,-0.935865848912206,-2.0544457590642855,-0.9287900202463633,-1.967567675843449,-0.9513724145224525
123,122,-1.9946169396257518,-0.9493198812601814,-1.9652490953283368,-1.0010914304948777,-1.8474622397016858,-0.8012120103427061,-2.06180903467246,-0.8147655567398013,-1.9844315406718793,-0.9265197730334458
124,123,-2.00551455497881,-1.044641636506989,-1.9760272160671446,-0.9918990183893605,-2.034591828417038,-1.0388916928409628,-1.9771313651784599,-1.039493382874093,-2.015998872510179,-1.0135040182449693
125,124,-2.00551455497881,-0.9493198812601814,-2.0083615782835684,-1.0022275713169082,-2.033215875558837,-1.063630421322336,-2.036037570043851,-1.0025922619981833,-1.9194099472550177,-0.9927934836707971
126,125,-2.0890629393522566,-1.044641636506989,-2.061174369903728,-1.026327528147853,-2.055231121290055,-1.0545491159304397,-1.9587231761580253,-1.0763945037500033,-2.0939372748253575,-1.0549250873933138
127,126,-1.9655566320175963,-0.9493198812601814,-2.001894705840284,-1.0125561242444558,-1.9616663269323789,-0.9862827512603211,-1.9219067981171558,-1.039493382874093,-1.995452304227324,-1.0963461565416583
128,127,-2.0527375548420626,-1.044641636506989,-2.0622521819776085,-1.026327528147853,-2.0056968183948145,-1.0050716589676931,-1.969768089570286,-1.039493382874093,-2.0307479175330982,-1.0714935150526517
129,128,-1.9909844011747324,-1.044641636506989,-1.9835719005843104,-0.9953418693652097,-1.9905613369546022,-0.9894142358782164,-2.0286742944356773,-0.9656911411222733,-1.961031788772106,-0.8809565969702668
130,129,-2.0636351701951208,-0.9493198812601814,-1.903813807117131,-0.8954991910655811,-2.0029449126784122,-1.0047585105059036,-2.0065844676111553,-1.0025922619981833,-1.9773122550334987,-0.9265197730334458
131,130,-2.0963280162542954,-1.044641636506989,-2.0697968664947743,-1.067641739858044,-2.019456346976826,-1.0107083312799048,-1.984494640786634,-1.039493382874093,-2.0468825341527315,-1.0797777288823207
132,131,-1.9837193242726936,-0.9493198812601814,-2.0212953231701385,-1.0091132732686066,-1.965794185506982,-0.9521495689252618,-1.9992211920029817,-1.0025922619981833,-2.012908683225402,-0.9762250560114593
133,132,-2.0418399394890043,-0.9493198812601814,-2.053629685386562,-1.04009893205125,-2.0841261313122783,-1.071772281328864,-2.0029028298070686,-1.039493382874093,-2.0721327533823275,-1.0300724459043071
134,133,-2.074532785548179,-1.044641636506989,-1.9566265987372904,-1.0332132300995513,-1.9878094312382002,-0.9997481351172711,-1.9366333493335037,-1.039493382874093,-2.027129023296943,-1.046640873563645
135,134,-2.00551455497881,-1.044641636506989,-1.9436928538507208,-1.0366560810754006,-2.0483513569990492,-1.0429626228442268,-2.0728539480847203,-0.9620010290346823,-1.9492179677895947,-0.9430882006927837
136,135,-2.092695477803276,-1.044641636506989,-2.081652799307463,-1.0573131869304964,-2.0607349327228595,-1.0680144997873895,-1.9513599005498514,-1.0763945037500033,-2.0664901953667605,-1.021788232074638
137,136,-1.9946169396257518,-1.044641636506989,-1.9501597262940056,-0.9023848930172796,-2.0153284884022225,-1.0163450035921162,-2.0065844676111553,-1.0025922619981833,-1.9829639286516756,-1.0135040182449693
138,137,-1.9655566320175963,-0.9493198812601814,-1.8887244380828,-0.9230419988723753,-2.031839922700636,-1.0338813174523303,-2.0213110188275034,-1.0025922619981833,-1.9719796275066708,-0.9265197730334458
139,138,-1.9764542473706548,-1.044641636506989,-1.9383037934813168,-0.94714195570332,-2.034591828417038,-1.048912443618228,-2.0286742944356773,-1.0025922619981833,-1.945280027462091,-1.0052198044153005
140,139,-1.9582915551155575,-0.9493198812601814,-1.985727524732072,-0.9574705086308678,-2.0304639698424345,-1.0013138774262187,-2.043400845652025,-1.0025922619981833,-2.033245592648228,-0.9845092698411282
141,140,-2.0273097856849267,-1.044641636506989,-1.9523153504417672,-1.0469846340029485,-1.965794185506982,-0.9427551150715757,-2.080217223692894,-0.8697482268449073,-1.9549334506260412,-0.8685302762257634
142,141,-1.9582915551155575,-0.9493198812601814,-1.9878831488798334,-0.960913359606717,-1.9451548926339652,-0.9555942020049467,-1.9955395541988947,-1.0025922619981833,-1.9543956300720533,-1.0010776975004658
143,142,-2.030942324135946,-1.044641636506989,-1.9943500213231184,-1.0091132732686066,-1.9809296669471945,-0.9931720174196909,-1.9255884359212427,-1.039493382874093,-2.0411761669188953,-1.0424987666488106
144,143,-1.969189170468616,-0.9493198812601814,-1.953393162515648,-1.0159989752203051,-1.9795537140889934,-0.949331232769156,-2.0581273968683726,-0.9287900202463633,-1.9937932645523109,-0.9927934836707971
145,144,-2.0418399394890043,-1.044641636506989,-1.8714794449007073,-0.9368134027757722,-2.033215875558837,-1.032628723605172,-1.9881762785907209,-1.039493382874093,-2.015998872510179,-1.0507829804784794
146,145,-2.030942324135946,-0.9493198812601814,-1.9404594176290784,-0.9987847203410589,-1.9878094312382002,-0.9684332889383176,-2.043400845652025,-0.9656911411222733,-1.9851790200858963,-0.9927934836707971
147,146,-2.056370093293082,-1.044641636506989,-1.9070472433387735,-1.0194418261961544,-1.9850575255217977,-0.9765751489448455,-2.0286742944356773,-0.9745474101324917,-1.9739394820678127,-0.9596566283521215
148,147,-2.0600026317441014,-0.9493198812601814,-1.984649712658191,-1.0194418261961544,-1.96304227979058,-0.9518364204634723,-1.980813002982547,-1.0025922619981833,-2.0307479175330982,-1.0010776975004658
149,148,-2.049105016391043,-0.9493198812601814,-2.0051281420619262,-1.0469846340029485,-2.020832299835027,-1.0204159335953804,-2.0691723102806336,-0.9287900202463633,-1.9387623715959679,-1.038356659733976
150,149,-1.9764542473706548,-1.044641636506989,-1.9296812968902703,-0.9746847635101141,-2.034591828417038,-1.014466112821379,-2.032355932239764,-1.0025922619981833,-2.019198449026276,-1.0093619113301349
151,150,-1.9982494780767712,-1.044641636506989,-2.004050329988045,-1.0056704222927573,-2.0084487241112168,-1.0238605666750653,-1.9476782627457645,-1.039493382874093,-2.0089433960900682,-1.0135040182449693
152,151,-2.0345748625869655,-0.9493198812601814,-2.000816893766403,-0.9299277008240737,-1.9602903740741777,-0.9330475127561002,-2.0654906724765465,-0.8918888993704533,-1.9732831586798953,-0.9265197730334458
153,152,-1.9582915551155575,-0.9493198812601814,-2.043929376721635,-0.9368134027757722,-2.0043208655366134,-0.9837775635660048,-2.013947743219329,-1.0025922619981833,-2.0345217770136226,-0.9886513767559626
154,153,-1.9328637859584217,-0.9493198812601814,-1.979260652288787,-1.0056704222927573,-1.9795537140889934,-0.9737568127887397,-2.0029028298070686,-1.0025922619981833,-1.9913593986554508,-0.9969355905856316
155,154,-2.0273097856849267,-0.9493198812601814,-1.9393816055551976,-0.9505848066791693,-1.9148839297535407,-0.913632308125149,-2.0029028298070686,-0.9656911411222733,-1.9621894703035712,-0.9513724145224525
156,155,-2.016412170331868,-1.044641636506989,-2.0105172024313305,-0.9987847203410589,-2.03734373413344,-1.0357602082230675,-1.9881762785907209,-1.039493382874093,-2.021395309255277,-1.0342145528191415
157,156,-2.0018820165277904,-0.9493198812601814,-2.033151255982827,-1.0183056853741241,-1.9685460912233843,-0.9571599443138943,-2.013947743219329,-0.9800825782638782,-1.9897732838013173,-0.9720829490966248
158,157,-2.0127796318808486,-1.044641636506989,-2.065485618199251,-1.069948450011863,-1.998817054103809,-0.9831512666424257,-2.0029028298070686,-1.0070203965032924,-2.0307479175330982,-1.0507829804784794
159,158,-2.00551455497881,-1.044641636506989,-1.9566265987372904,-0.9127134459448274,-1.986433478379999,-0.9928588689579013,-2.013947743219329,-1.0025922619981833,-1.95765901580642,-1.0176461251598037
160,159,-2.0091470934298292,-1.044641636506989,-2.0622521819776085,-1.0745274418097426,-2.0235842055514293,-1.013213518974221,-1.9955395541988947,-1.039493382874093,-2.0358161925842375,-1.046640873563645
161,160,-2.0454724779400237,-0.9493198812601814,-1.9361481693335552,-0.9299277008240737,-1.8667255797165014,-0.8685389296274559,-2.039719207847938,-0.8918888993704533,-1.9242594478435178,-0.9140934522889423
162,161,-2.0527375548420626,-1.044641636506989,-1.96956034362386,-1.0745274418097426,-2.0235842055514293,-1.0113346282034839,-2.0029028298070686,-1.0025922619981833,-2.0307479175330982,-1.0010776975004658
163,162,-1.9837193242726936,-0.9493198812601814,-1.9275256727425087,-0.9230419988723753,-2.0084487241112168,-0.994424611266849,-2.0065844676111553,-1.0025922619981833,-2.0236468630999376,-0.9389460937779492
164,163,-1.9546590166645381,-1.044641636506989,-2.0191396990223764,-0.9781276144859633,-1.9726739497979877,-1.0135266674360106,-1.8998169712926343,-1.039493382874093,-1.9822346804428785,-1.0135040182449693
165,164,-2.0418399394890043,-1.044641636506989,-2.0665634302731317,-1.0469846340029485,-2.03734373413344,-1.0432757713060163,-1.9513599005498514,-1.039493382874093,-2.0561531020070634,-1.0135040182449693
166,165,-2.056370093293082,-0.9493198812601814,-2.060096557829847,-1.0366560810754006,-2.0882539898868817,-1.0708328359434953,-2.013947743219329,-1.039493382874093,-2.0781399355022927,-1.1046303703713274
167,166,-1.9292312475074023,-1.044641636506989,-1.9307591089641511,-0.9620495004287473,-1.9781777612307923,-0.9984955412701129,-2.036037570043851,-0.960893995408405,-1.9223634025006455,-0.8933829177147701
168,167,-1.9982494780767712,-0.9493198812601814,-1.9404594176290784,-1.0022275713169082,-1.9382751283429598,-0.9368052942975745,-2.0581273968683726,-0.8918888993704533,-1.9310141093774997,-0.8726723831405979
169,168,-2.0018820165277904,-1.044641636506989,-2.0266843835395423,-0.9505848066791693,-1.941027034059362,-1.016031855130327,-2.0470824834561117,-0.9287900202463633,-1.8664027180780864,-0.9803671629262937
170,169,-1.9764542473706548,-0.9493198812601814,-2.0202175110962575,-1.0366560810754006,-2.0139525355440213,-1.0150924097449583,-1.9403149871375907,-1.039493382874093,-2.096434949940487,-1.0176461251598037
171,170,-2.020044708782888,-1.044641636506989,-2.0460850008693967,-1.0986273986406874,-2.0758704141630715,-1.0598726397808618,-2.0176293810234163,-1.039493382874093,-2.051403873047273,-1.046640873563645
172,171,-1.9582915551155575,-0.9493198812601814,-1.9286034848163895,-0.9918990183893605,-1.9616663269323789,-0.9840907120277944,-2.0176293810234163,-0.9656911411222733,-1.9265930421116682,-0.9140934522889423
173,172,-2.0636351701951208,-0.9493198812601814,-2.0794971751597013,-1.0056704222927573,-2.0717425555884685,-1.0664487574784418,-2.0102661054152424,-1.039493382874093,-2.01811369231569,-1.0549250873933138
174,173,-1.9837193242726936,-0.9493198812601814,-1.990038773027595,-1.0435417830270992,-2.0965097070360885,-1.0946321190395,-2.039719207847938,-1.039493382874093,-1.9829639286516756,-0.9927934836707971
175,174,-1.9328637859584217,-1.044641636506989,-2.038540316352231,-1.026327528147853,-2.031839922700636,-1.0263657543693816,-1.9918579163948078,-1.039493382874093,-2.027129023296943,-0.9969355905856316
176,175,-1.9546590166645381,-0.9493198812601814,-1.980338464362668,-0.960913359606717,-1.9795537140889934,-0.9740699612505292,-1.9918579163948078,-1.0025922619981833,-2.003300838074501,-0.9803671629262937
177,176,-1.9510264782135187,-1.044641636506989,-1.9727937798455024,-1.0251913873258227,-1.9768018083725911,-0.9815855243334781,-2.06180903467246,-0.919933751236145,-1.9277780704509633,-0.9679408421817904
178,177,-1.9582915551155575,-1.044641636506989,-2.0083615782835684,-1.026327528147853,-1.97542585551439,-0.9837775635660048,-1.9292700737253299,-1.039493382874093,-2.0483592617755457,-1.0300724459043071
179,178,-2.0236772472339073,-1.044641636506989,-2.0159062628007343,-1.0125561242444558,-1.9795537140889934,-0.958725686622842,-2.043400845652025,-0.9656911411222733,-1.9859264994999133,-1.0093619113301349
180,179,-2.038207401037985,-0.9493198812601814,-1.995427833396999,-0.9643562105825663,-2.011200629827619,-0.9941114628050595,-2.0470824834561117,-0.9656911411222733,-1.9836931768604724,-1.0010776975004658
181,180,-1.9510264782135187,-1.044641636506989,-2.042851564647754,-1.053870335954647,-1.9547865626413732,-0.949957529692735,-1.9660864517661991,-1.0025922619981833,-2.025953110560258,-1.0632093012229828
182,181,-1.9546590166645381,-0.9493198812601814,-1.9943500213231184,-0.9436991047274707,-1.9355232226265575,-0.9108139719690432,-2.039719207847938,-0.9287900202463633,-1.9844315406718793,-1.0093619113301349
183,182,-1.9546590166645381,-0.9493198812601814,-2.0353068801305887,-0.9368134027757722,-2.0043208655366134,-1.0016270258880082,-2.0102661054152424,-1.0025922619981833,-1.9844315406718793,-0.9430882006927837
184,183,-1.9837193242726936,-1.044641636506989,-1.9760272160671446,-1.0228846771720037,-2.0249601584096304,-1.0260526059075918,-2.032355932239764,-1.0025922619981833,-1.962763753267999,-0.9679408421817904
185,184,-2.074532785548179,-0.9493198812601814,-2.018061886948496,-0.9918990183893605,-2.019456346976826,-1.0248000120604337,-2.0654906724765465,-0.9656911411222733,-1.932682264655123,-1.0176461251598037
186,185,-2.081797862450218,-0.9493198812601814,-1.9577044108111712,-1.0194418261961544,-1.9602903740741777,-0.9424419666097862,-2.0691723102806336,-0.8918888993704533,-1.95280951521792,-1.038356659733976
187,186,-2.06726770864614,-1.044641636506989,-2.054707497460443,-1.026327528147853,-2.0758704141630715,-1.0821061805679186,-1.9513599005498514,-1.0763945037500033,-2.0868271047895868,-1.1046303703713274
188,187,-1.9946169396257518,-1.044641636506989,-2.0029725179141646,-0.9505848066791693,-1.9258915526191496,-0.9292897312146257,-1.9550415383539383,-1.0025922619981833,-2.001495948757729,-1.0093619113301349
189,188,-2.0018820165277904,-1.044641636506989,-2.0665634302731317,-0.9987847203410589,-2.0029449126784122,-0.9969297989611653,-1.9881762785907209,-1.0025922619981833,-2.0202923213394715,-1.0259303389894727
190,189,-1.9909844011747324,-1.044641636506989,-2.0126728265790916,-0.9712419125342648,-2.0180803941186247,-1.0050716589676931,-2.0470824834561117,-0.9656911411222733,-1.9766285848377516,-1.0052198044153005
191,190,-2.00551455497881,-0.9493198812601814,-2.0417737525738735,-1.0435417830270992,-2.079998272737675,-1.0761563597939174,-2.032355932239764,-1.039493382874093,-1.9897732838013173,-1.0093619113301349
192,191,-1.94376140131148,-0.9493198812601814,-2.0309956318350655,-0.9918990183893605,-1.9809296669471945,-0.9787671881773723,-1.9660864517661991,-1.039493382874093,-2.029526426783363,-1.0590671943081482
193,192,-1.9909844011747324,-0.9493198812601814,-2.0051281420619262,-1.0641988888821947,-1.930019411193753,-0.9161374958194652,-2.039719207847938,-0.9287900202463633,-1.9604575058076783,-0.9803671629262937
194,193,-2.06726770864614,-1.044641636506989,-2.0590187457559663,-0.9677990615584156,-2.0511032627154515,-1.049538740541807,-2.0102661054152424,-1.039493382874093,-1.9979955573555035,-0.9762250560114593
195,194,-1.9728217089196354,-0.9493198812601814,-1.974949403993264,-0.9850133164376619,-1.9740499026561888,-0.9515232720016827,-2.039719207847938,-0.9656911411222733,-1.9921615716851275,-0.9762250560114593
196,195,-2.0236772472339073,-1.044641636506989,-2.0460850008693967,-1.0332132300995513,-1.9671701383651834,-0.9637360620114745,-1.9624048139621122,-1.0025922619981833,-2.033245592648228,-0.9886513767559626
197,196,-1.9510264782135187,-0.9493198812601814,-1.99650564547088,-0.9299277008240737,-2.0084487241112168,-0.9865958997221106,-2.0544457590642855,-0.9656911411222733,-1.9866830945165401,-0.9637987352669559
198,197,-2.0527375548420626,-1.044641636506989,-1.9458484779984824,-1.026327528147853,-2.055231121290055,-1.0338813174523303,-2.013947743219329,-1.039493382874093,-2.074092607943469,-1.0590671943081482
199,198,-1.9582915551155575,-1.044641636506989,-2.0450071887955157,-0.9654923514045965,-1.9561625154995743,-1.0157187066685374,-1.9624048139621122,-1.0144006206784744,-1.9101029169902461,-0.9927934836707971
200,199,-1.94376140131148,-1.044641636506989,-2.0579409336820853,-1.0079771324465765,-1.9479067983503675,-0.9508969750781036,-1.9439966249416776,-1.0214118336448974,-2.028323167238848,-0.955514521437287
201,200,-2.0345748625869655,-0.9493198812601814,-2.0557853095343237,-1.0159989752203051,-2.009824676969418,-1.007889995123799,-1.9624048139621122,-1.039493382874093,-2.0529626410935764,-0.9720829490966248
202,201,-1.918333632154344,-0.9493198812601814,-1.9986612696186414,-0.9643562105825663,-1.873605344007507,-0.908935081198306,-1.980813002982547,-0.9656911411222733,-1.9155084693379538,-1.0300724459043071
203,202,-2.0018820165277904,-0.9493198812601814,-1.96956034362386,-0.94714195570332,-1.9602903740741777,-0.9433814119951548,-2.039719207847938,-0.9287900202463633,-1.97460492105834,-0.9720829490966248
204,203,-1.8892733245461886,-0.9493198812601814,-1.9932722092492374,-0.9712419125342648,-2.0277120641260327,-1.0072636982002199,-2.0470824834561117,-0.9656911411222733,-1.9979955573555035,-0.9223776661186114
205,204,-2.030942324135946,-1.044641636506989,-1.953393162515648,-0.9850133164376619,-2.0167044412604236,-1.0470335528474908,-1.9992211920029817,-1.0025922619981833,-1.936547280161747,-1.0259303389894727
206,205,-1.9982494780767712,-0.9493198812601814,-1.973871591919383,-1.0091132732686066,-1.97542585551439,-0.9615440227789478,-2.0213110188275034,-0.9656911411222733,-1.990566341228384,-0.9969355905856316
207,206,-1.9909844011747324,-1.044641636506989,-1.9544709745895288,-0.9712419125342648,-1.9878094312382002,-1.0138398158978001,-1.9734497273743732,-1.039493382874093,-1.9538669251206755,-0.9637987352669559
208,207,-1.969189170468616,-1.044641636506989,-1.9598600349589328,-0.9230419988723753,-1.9823056198053957,-0.9621703197025269,-2.0286742944356773,-0.9656911411222733,-2.001495948757729,-0.8809565969702668
209,208,-1.961924093566577,-0.9493198812601814,-2.018061886948496,-0.9333705517999229,-2.0511032627154515,-1.016658152053906,-2.0765355858888075,-0.9656911411222733,-2.011896851335696,-1.0135040182449693
210,209,-1.9909844011747324,-1.044641636506989,-1.985727524732072,-0.9850133164376619,-1.9451548926339652,-0.9527758658488409,-1.9292700737253299,-1.039493382874093,-2.033245592648228,-1.0590671943081482
211,210,-1.9074360168012856,-1.044641636506989,-1.9630934711805752,-0.9781276144859633,-2.0249601584096304,-1.016658152053906,-1.9992211920029817,-1.039493382874093,-2.0225165283763022,-1.021788232074638
212,211,-1.9328637859584217,-1.044641636506989,-1.99650564547088,-0.9643562105825663,-1.9506587040667698,-0.9687464374001071,-1.9292700737253299,-1.039493382874093,-2.0006117353045627,-0.9803671629262937
213,212,-1.9982494780767712,-1.044641636506989,-2.070874678568655,-1.0228846771720037,-2.001568959820211,-1.0010007289644292,-1.9734497273743732,-1.039493382874093,-2.0225165283763022,-0.9927934836707971
214,213,-1.969189170468616,-1.044641636506989,-2.033151255982827,-1.0228846771720037,-2.046975404140848,-1.08116673518255,-1.8961353334885473,-1.0763945037500033,-2.0398088265274006,-1.0549250873933138
215,214,-1.9728217089196354,-0.9493198812601814,-1.9059694312648927,-0.9023848930172796,-2.034591828417038,-1.032002426681593,-2.043400845652025,-1.0025922619981833,-1.9633562674376464,-0.8933829177147701
216,215,-1.987351862723713,-0.9493198812601814,-1.964171283254456,-0.9505848066791693,-1.9465308454921666,-0.9258450981349408,-2.0691723102806336,-0.8549877784945433,-1.9543956300720533,-0.9513724145224525
217,216,-1.9255987090563829,-1.044641636506989,-1.9684825315499792,-0.8989420420414302,-1.953410609783172,-0.9631097650878955,-1.984494640786634,-1.0025922619981833,-1.966346185093714,-0.955514521437287
218,217,-2.0418399394890043,-1.044641636506989,-2.065485618199251,-1.04009893205125,-2.0056968183948145,-0.985656454336742,-2.043400845652025,-0.9656911411222733,-1.9929728603174142,-1.0135040182449693
219,218,-2.0890629393522566,-1.044641636506989,-2.0417737525738735,-1.0194418261961544,-2.066238744155664,-1.0742774690231802,-1.9918579163948078,-1.039493382874093,-1.9988524240008398,-1.0300724459043071
220,219,-1.9764542473706548,-0.9493198812601814,-2.039618128426112,-1.0056704222927573,-2.0483513569990492,-1.0332550205287512,-1.9881762785907209,-1.039493382874093,-2.1016399590307757,-1.0673514081378173
221,220,-2.0454724779400237,-1.044641636506989,-2.038540316352231,-1.026327528147853,-2.0153284884022225,-0.999121838193692,-2.032355932239764,-1.0025922619981833,-1.9988524240008398,-1.038356659733976
222,221,-2.0236772472339073,-0.9493198812601814,-2.0256065714656613,-0.9574705086308678,-2.053855168431854,-1.0476598497710699,-2.0213110188275034,-1.039493382874093,-1.9988524240008398,-0.9803671629262937
223,222,-2.099960554705315,-1.044641636506989,-2.0234509473178997,-1.0641988888821947,-2.057983027006457,-1.0601857882426513,-1.9881762785907209,-1.039493382874093,-2.01811369231569,-1.0507829804784794
224,223,-2.0273097856849267,-1.044641636506989,-2.0665634302731317,-1.1123988025440843,-2.0497273098572504,-1.0413968805352791,-1.9992211920029817,-1.039493382874093,-2.0358161925842375,-1.0093619113301349
225,224,-1.969189170468616,-0.9493198812601814,-1.9674047194760984,-0.9505848066791693,-2.0400956398498424,-1.0435889197678059,-2.0691723102806336,-0.9656911411222733,-1.9369848290870253,-0.9969355905856316
226,225,-2.1035930931563342,-0.9493198812601814,-2.0460850008693967,-1.026327528147853,-2.0249601584096304,-1.0248000120604337,-1.969768089570286,-1.039493382874093,-2.0398088265274006,-1.0549250873933138
227,226,-1.9328637859584217,-0.9493198812601814,-2.0299178197611845,-0.9425629639054405,-2.00019300696201,-1.0157187066685374,-1.9255884359212427,-1.0505637191368662,-2.0384597173411265,-0.9927934836707971
228,227,-2.0527375548420626,-1.044641636506989,-2.0126728265790916,-1.0607560379063454,-2.00019300696201,-0.9919194235725327,-1.9881762785907209,-1.0025922619981833,-2.027129023296943,-1.0507829804784794
229,228,-2.0273097856849267,-0.9493198812601814,-2.0159062628007343,-1.0297703791237023,-1.9960651483874068,-1.0006875805026396,-1.9587231761580253,-1.039493382874093,-2.0236468630999376,-0.9886513767559626
230,229,-2.038207401037985,-0.9493198812601814,-1.9286034848163895,-1.0573131869304964,-1.8460862868434846,-0.8441133496078722,-1.9992211920029817,-0.9280519978288451,-1.9497193259331427,-0.9306618799482803
231,230,-1.9909844011747324,-1.044641636506989,-2.0309956318350655,-0.9781276144859633,-1.9919372898128034,-0.9912931266489537,-1.9955395541988947,-1.0025922619981833,-1.990566341228384,-0.9886513767559626
232,231,-1.987351862723713,-0.9493198812601814,-1.9997390816925225,-1.0114199834224256,-1.9602903740741777,-0.9427551150715757,-2.039719207847938,-0.9439194798054864,-1.9759449146420045,-0.9679408421817904
233,232,-1.9328637859584217,-1.044641636506989,-1.9630934711805752,-1.0504274849787978,-2.0235842055514293,-1.0345076143759093,-1.9513599005498514,-1.039493382874093,-2.025953110560258,-1.038356659733976
234,233,-1.9546590166645381,-1.044641636506989,-1.9609378470328136,-0.9540276576550185,-1.9933132426710045,-1.0241737151368546,-1.9918579163948078,-1.0125555646346789,-1.9356721823111906,-0.9430882006927837
235,234,-1.9328637859584217,-0.9493198812601814,-2.0148284507268532,-0.9413923945736518,-2.0593589798646583,-1.0345076143759093,-2.06180903467246,-0.987093791230301,-2.0051421898017137,-0.9513724145224525
236,235,-1.9728217089196354,-1.044641636506989,-1.9932722092492374,-0.9643562105825663,-1.9203877411863453,-0.9292897312146257,-1.984494640786634,-0.9656911411222733,-1.959327171084043,-0.9886513767559626
237,236,-1.94376140131148,-1.044641636506989,-2.0687190544208933,-1.0687778806800743,-2.00019300696201,-1.0010007289644292,-1.9550415383539383,-1.0376483268302976,-2.0483592617755457,-1.0010776975004658
238,237,-1.9655566320175963,-0.9493198812601814,-2.0094393903574495,-0.9402562537516215,-2.035967781275239,-1.0075768466620094,-2.0765355858888075,-0.9287900202463633,-1.9889893419768605,-1.021788232074638
239,238,-1.9764542473706548,-1.044641636506989,-1.980338464362668,-1.0125561242444558,-1.9162598826117418,-0.9612308743171583,-1.9366333493335037,-1.0025922619981833,-1.9339493334179076,-0.9513724145224525
240,239,-1.9510264782135187,-0.9493198812601814,-1.9253700485947471,-0.9333705517999229,-2.009824676969418,-1.0022533228115873,-2.043400845652025,-0.9656911411222733,-1.966346185093714,-0.9803671629262937
241,240,-1.969189170468616,-0.9493198812601814,-2.0083615782835684,-0.9953418693652097,-1.9850575255217977,-0.9725042189415816,-1.9918579163948078,-1.0081274301295697,-2.029526426783363,-0.9430882006927837
242,241,-2.1035930931563342,-0.9493198812601814,-2.0234509473178997,-1.0228846771720037,-2.0868780370286806,-1.0677013513256002,-2.0176293810234163,-1.039493382874093,-2.0781399355022927,-1.0714935150526517
243,242,-1.9837193242726936,-0.9493198812601814,-2.0460850008693967,-0.988456167413511,-2.033215875558837,-1.016031855130327,-2.0102661054152424,-1.0025922619981833,-2.0439837725227634,-1.0424987666488106
244,243,-2.0600026317441014,-0.9493198812601814,-1.9458484779984824,-1.0194418261961544,-2.0497273098572504,-1.048912443618228,-1.9771313651784599,-1.039493382874093,-2.0439837725227634,-1.0052198044153005
245,244,-2.0273097856849267,-1.044641636506989,-2.0353068801305887,-1.0297703791237023,-2.056607074148256,-1.0586200459337036,-1.969768089570286,-1.039493382874093,-2.0498724518087994,-1.129483011860334
246,245,-1.9582915551155575,-1.044641636506989,-2.0320734439089465,-1.0618921787283757,-1.9203877411863453,-0.9490180843073664,-1.9439966249416776,-1.0099724861733652,-1.9549334506260412,-1.0590671943081482
247,246,-2.081797862450218,-1.044641636506989,-2.081652799307463,-1.04009893205125,-1.997441101245608,-1.0185370428246432,-1.9292700737253299,-1.039493382874093,-2.01090325065121,-1.092204049626824
248,247,-2.0418399394890043,-1.044641636506989,-1.9523153504417672,-0.9402562537516215,-1.872229391149306,-0.8719835627071408,-2.02499265663159,-0.8918888993704533,-1.9361097312364688,-0.9596566283521215
249,248,-2.0127796318808486,-1.044641636506989,-1.9393816055551976,-0.94714195570332,-1.952034656924971,-0.9706253281708443,-2.0176293810234163,-0.9656911411222733,-1.929792618627765,-0.9927934836707971
250,249,-1.9328637859584217,-1.044641636506989,-1.9436928538507208,-0.9264848498482244,-2.0139525355440213,-1.0392048413027524,-2.032355932239764,-1.0025922619981833,-1.9242594478435178,-0.9637987352669559
251,250,-2.0527375548420626,-0.9493198812601814,-1.9016581829693695,-0.9127134459448274,-1.939651081201161,-0.9512101235398932,-2.0581273968683726,-0.8918888993704533,-1.9155084693379538,-0.9596566283521215
252,251,-1.9946169396257518,-1.044641636506989,-1.9404594176290784,-1.056177046108466,-1.97542585551439,-0.9471391935366293,-2.043400845652025,-0.9490856367281137,-2.0042215139381074,-1.0300724459043071
253,252,-1.918333632154344,-1.044641636506989,-1.9663269074022176,-0.9918990183893605,-1.9479067983503675,-0.9433814119951548,-2.0176293810234163,-0.9656911411222733,-1.965133809946589,-0.9306618799482803
254,253,-1.969189170468616,-0.9493198812601814,-1.9436928538507208,-0.9230419988723753,-1.9506587040667698,-1.0122740735888525,-2.036037570043851,-0.9287900202463633,-1.8799485035564907,-0.909951345374108
255,254,-1.9982494780767712,-1.044641636506989,-2.065485618199251,-1.0056704222927573,-2.0070727712530156,-1.0194764882100118,-1.9587231761580253,-1.039493382874093,-2.003300838074501,-0.9927934836707971
256,255,-2.049105016391043,-1.044641636506989,-1.8391450826842832,-1.0469846340029485,-2.029088016984234,-1.0197896366718011,-2.0470824834561117,-0.9656911411222733,-1.9719796275066708,-0.9886513767559626
257,256,-2.0273097856849267,-0.9493198812601814,-2.0557853095343237,-0.9746847635101141,-2.0070727712530156,-1.0235474182132756,-1.9476782627457645,-1.039493382874093,-2.0051421898017137,-1.0507829804784794
258,257,-1.9219661706053635,-0.9493198812601814,-2.0245287593917807,-1.042405642205069,-1.9933132426710045,-0.9471391935366293,-2.0691723102806336,-0.9191957288186267,-2.0371288393600717,-0.9430882006927837
259,258,-1.987351862723713,-1.044641636506989,-2.0363846922044693,-0.9574705086308678,-2.0139525355440213,-0.9870656224147949,-2.0268334755336337,-0.9948430266142422,-2.0439837725227634,-0.9927934836707971
260,259,-1.9582915551155575,-1.044641636506989,-2.0083615782835684,-1.0573131869304964,-1.9919372898128034,-1.031376129758014,-1.848274042035417,-1.0763945037500033,-2.0802365241025838,-1.0176461251598037
261,260,-1.9510264782135187,-1.044641636506989,-2.0417737525738735,-0.8954991910655811,-1.964418232648781,-1.0257394574458023,-1.8225025774068084,-1.0763945037500033,-2.012908683225402,-0.9845092698411282
262,261,-2.016412170331868,-0.9493198812601814,-1.8725572569745879,-0.9023848930172796,-1.9836815726635968,-0.9825249697188467,-2.0213110188275034,-0.9656911411222733,-1.965133809946589,-0.9969355905856316
263,262,-2.074532785548179,-0.9493198812601814,-2.0773415510119397,-1.0469846340029485,-2.046975404140848,-1.032628723605172,-1.9955395541988947,-1.039493382874093,-2.0721327533823275,-1.0176461251598037
264,263,-1.9655566320175963,-0.9493198812601814,-1.9717159677716216,-1.0332132300995513,-2.045599451282647,-1.0097688858945362,-2.050764121260199,-1.0025922619981833,-2.0594711813570896,-1.021788232074638
265,264,-2.0345748625869655,-0.9493198812601814,-2.0256065714656613,-1.0171351160423354,-1.998817054103809,-1.0028796197351664,-1.9918579163948078,-1.0155076543047517,-1.9851790200858963,-0.9596566283521215
266,265,-2.0527375548420626,-0.9493198812601814,-2.0622521819776085,-0.988456167413511,-2.0084487241112168,-1.036699653608436,-1.8777271444681125,-1.0763945037500033,-2.0868271047895868,-0.9969355905856316
267,266,-1.9401288628604605,-1.044641636506989,-2.000816893766403,-1.0848559947372904,-1.9245155997609484,-0.9205215742845188,-1.9955395541988947,-0.9656911411222733,-1.9766285848377516,-0.9720829490966248
268,267,-1.936496324409441,-0.9493198812601814,-1.9113584916342967,-0.9299277008240737,-1.9795537140889934,-0.9624834681643164,-2.050764121260199,-0.9287900202463633,-1.970703443141276,-0.9265197730334458
269,268,-1.9909844011747324,-1.044641636506989,-2.0320734439089465,-1.026327528147853,-1.9575384683577755,-1.0103951828181152,-1.8409107664272433,-1.0763945037500033,-2.011896851335696,-1.038356659733976
270,269,-1.9946169396257518,-0.9493198812601814,-1.96956034362386,-0.9161562969206766,-2.03734373413344,-1.0473467013092803,-1.984494640786634,-1.039493382874093,-1.9913593986554508,-0.9845092698411282
271,270,-1.961924093566577,-0.9493198812601814,-1.991116585101476,-0.9574705086308678,-2.0428475455662447,-1.0210422305189595,-2.039719207847938,-1.0025922619981833,-2.01811369231569,-0.9927934836707971
272,271,-1.987351862723713,-1.044641636506989,-1.9932722092492374,-1.056177046108466,-2.0758704141630715,-1.0664487574784418,-2.0213110188275034,-1.0376483268302976,-2.01811369231569,-1.092204049626824
273,272,-1.9255987090563829,-0.9493198812601814,-2.0202175110962575,-0.9540276576550185,-1.9258915526191496,-0.9671806950911594,-2.036037570043851,-0.9287900202463633,-1.893649254279264,-0.9637987352669559
274,273,-1.9837193242726936,-1.044641636506989,-2.0245287593917807,-0.9643562105825663,-2.0070727712530156,-1.003192768196956,-2.013947743219329,-1.0025922619981833,-1.9844315406718793,-0.9845092698411282
275,274,-2.00551455497881,-0.9493198812601814,-2.011595014505211,-0.988456167413511,-2.022208252693228,-1.0154055582067478,-2.0213110188275034,-1.0025922619981833,-1.9889893419768605,-0.9306618799482803
276,275,-1.987351862723713,-1.044641636506989,-1.973871591919383,-0.9368134027757722,-1.8749812968657082,-0.9083087842747269,-1.9366333493335037,-1.0025922619981833,-1.9424268438451728,-1.021788232074638
277,276,-2.0345748625869655,-1.044641636506989,-2.0590187457559663,-0.9987847203410589,-2.053855168431854,-1.0780352505646547,-1.9329517115294168,-1.0763945037500033,-2.021395309255277,-0.9845092698411282
278,277,-1.9328637859584217,-0.9493198812601814,-2.0363846922044693,-1.0848559947372904,-2.0070727712530156,-0.9803329304863199,-2.0544457590642855,-0.9656911411222733,-1.9988524240008398,-0.9679408421817904
279,278,-1.961924093566577,-0.9493198812601814,-2.0245287593917807,-0.9953418693652097,-2.0263361112678315,-1.0263657543693816,-1.984494640786634,-1.039493382874093,-2.015998872510179,-1.0259303389894727
280,279,-1.9909844011747324,-0.9493198812601814,-1.9814162764365486,-0.960913359606717,-1.9823056198053957,-0.9894142358782164,-1.980813002982547,-1.0025922619981833,-1.9836931768604724,-1.0176461251598037
281,280,-2.092695477803276,-0.9493198812601814,-2.0902752958985094,-1.0573131869304964,-2.0249601584096304,-1.0304366843726454,-2.0065844676111553,-1.0025922619981833,-1.9759449146420045,-0.9969355905856316
282,281,-1.9292312475074023,-1.044641636506989,-2.0051281420619262,-1.0056704222927573,-1.9121320240371384,-0.8970354396503037,-1.9881762785907209,-0.9656911411222733,-2.0089433960900682,-0.9720829490966248
283,282,-2.016412170331868,-1.044641636506989,-2.0525518733126815,-1.0332132300995513,-2.044223498424446,-1.0363865051466465,-1.980813002982547,-1.039493382874093,-2.068331547093973,-1.0300724459043071
284,283,-1.9582915551155575,-0.9493198812601814,-2.022373135244019,-0.9712419125342648,-2.066238744155664,-1.0451546620767536,-2.06180903467246,-1.0025922619981833,-1.997138690710167,-1.0549250873933138
285,284,-1.987351862723713,-1.044641636506989,-2.0202175110962575,-1.0159989752203051,-1.9878094312382002,-0.9787671881773723,-2.0765355858888075,-0.8918888993704533,-1.9401205963848522,-1.021788232074638
286,285,-2.038207401037985,-1.044641636506989,-2.054707497460443,-1.0779702927855919,-2.033215875558837,-1.0864902590329721,-1.859318955447678,-1.0763945037500033,-2.019198449026276,-1.0052198044153005
287,286,-1.9546590166645381,-1.044641636506989,-2.006205954135807,-1.0159989752203051,-1.8749812968657082,-0.8748018988632467,-1.980813002982547,-0.9656911411222733,-1.967567675843449,-1.0052198044153005
288,287,-1.9292312475074023,-0.9493198812601814,-2.016984074874615,-0.9781276144859633,-1.9561625154995743,-0.9436945604569443,-1.9624048139621122,-1.0025922619981833,-2.0702093612316252,-1.0176461251598037
289,288,-2.074532785548179,-0.9493198812601814,-1.9447706659246016,-1.04009893205125,-1.9465308454921666,-0.9468260450748397,-2.043400845652025,-0.9287900202463633,-1.9387623715959679,-1.0342145528191415
290,289,-1.9401288628604605,-0.9493198812601814,-1.9232144244469855,-0.9746847635101141,-1.998817054103809,-0.9831512666424257,-2.0544457590642855,-0.9656911411222733,-1.9700653509585786,-0.955514521437287
291,290,-1.9255987090563829,-1.044641636506989,-1.9814162764365486,-0.9368134027757722,-1.9382751283429598,-0.9571599443138943,-1.9918579163948078,-1.0025922619981833,-1.9419619481120647,-1.0590671943081482
292,291,-1.9909844011747324,-1.044641636506989,-2.022373135244019,-1.0320770892775213,-2.0497273098572504,-1.0686407967109688,-1.9219067981171558,-1.070859335618617,-2.062916879143655,-1.038356659733976
293,292,-2.0709002470971596,-1.044641636506989,-1.9070472433387735,-0.9873200265914809,-1.9795537140889934,-0.9574730927756839,-1.9992211920029817,-0.9996401723281105,-2.0545396403451,-1.0010776975004658
294,293,-1.9764542473706548,-0.9493198812601814,-2.0309956318350655,-1.0056704222927573,-2.0167044412604236,-0.9822118212570571,-2.032355932239764,-1.0025922619981833,-2.074092607943469,-1.0342145528191415
295,294,-2.0527375548420626,-0.9493198812601814,-1.9609378470328136,-1.04009893205125,-2.0056968183948145,-1.0129003705124315,-1.9881762785907209,-1.039493382874093,-1.9836931768604724,-0.9969355905856316
296,295,-1.9328637859584217,-1.044641636506989,-2.061174369903728,-1.04009893205125,-2.0263361112678315,-1.0244868635986444,-1.9660864517661991,-1.039493382874093,-2.0561531020070634,-1.0590671943081482
297,296,-1.9982494780767712,-1.044641636506989,-2.0083615782835684,-1.0641988888821947,-2.0387196869916413,-1.0244868635986444,-1.9955395541988947,-1.039493382874093,-2.064685306049988,-1.0549250873933138
298,297,-1.9764542473706548,-0.9493198812601814,-2.0374625042783503,-1.0469846340029485,-2.091005895603284,-1.0755300628703384,-2.032355932239764,-1.039493382874093,-2.0307479175330982,-1.0135040182449693
299,298,-1.961924093566577,-0.9493198812601814,-2.0137506386529727,-1.0159989752203051,-2.035967781275239,-1.021981675904328,-2.013947743219329,-1.0025922619981833,-2.025953110560258,-1.0010776975004658
300,299,-1.9837193242726936,-1.044641636506989,-1.926447860668628,-1.0412350728732802,-2.0043208655366134,-1.0135266674360106,-2.013947743219329,-1.0011162171631467,-1.9571029640472122,-0.955514521437287
301,300,-2.0018820165277904,-0.9493198812601814,-2.0245287593917807,-0.94714195570332,-1.9726739497979877,-0.9699990312472653,-1.969768089570286,-1.0025922619981833,-2.021395309255277,-0.9637987352669559
302,301,-1.987351862723713,-1.044641636506989,-1.9663269074022176,-0.9666629207363853,-1.9699220440815854,-0.9728173674033711,-2.0029028298070686,-0.9911529145266512,-1.968807397798404,-0.9720829490966248
303,302,-1.9255987090563829,-1.044641636506989,-1.9652490953283368,-0.9058277439931288,-1.9424029869175632,-0.9797066335627409,-1.9771313651784599,-1.0025922619981833,-1.9262010711994397,-1.021788232074638
304,303,-1.9582915551155575,-0.9493198812601814,-2.038540316352231,-0.94714195570332,-1.9231396469027473,-0.8835700557933536,-2.039719207847938,-0.9287900202463633,-2.0225165283763022,-1.0135040182449693
305,304,-2.0091470934298292,-0.9493198812601814,-2.039618128426112,-1.04009893205125,-2.0084487241112168,-0.9837775635660048,-2.0654906724765465,-0.9287900202463633,-1.9822346804428785,-1.0673514081378173
306,305,-1.9909844011747324,-0.9493198812601814,-2.001894705840284,-0.9781276144859633,-2.0387196869916413,-1.0248000120604337,-2.0065844676111553,-1.039493382874093,-2.0398088265274006,-1.0135040182449693
307,306,-1.9328637859584217,-0.9493198812601814,-2.0309956318350655,-0.9953418693652097,-1.97542585551439,-0.9643623589350537,-2.0286742944356773,-0.9656911411222733,-1.9766285848377516,-0.9182355592037769
308,307,-1.9982494780767712,-1.044641636506989,-2.0460850008693967,-1.0332132300995513,-2.0731185084466697,-1.0814798836443396,-1.9550415383539383,-1.0693832907835803,-2.0611757990451527,-1.0797777288823207
309,308,-2.0091470934298292,-0.9493198812601814,-1.9986612696186414,-1.0022275713169082,-1.9203877411863453,-0.9299160281382048,-1.9660864517661991,-1.0025922619981833,-1.9732831586798953,-0.9182355592037769
310,309,-2.00551455497881,-1.044641636506989,-1.9350703572596744,-0.9643562105825663,-2.001568959820211,-0.985030157413163,-2.013947743219329,-0.9992711611193514,-2.01811369231569,-0.9679408421817904
311,310,-1.9038034783502662,-1.044641636506989,-1.9598600349589328,-1.0573131869304964,-1.9547865626413732,-0.9393104819918909,-2.0213110188275034,-0.9638460850784778,-1.987448805135777,-0.9762250560114593
312,311,-2.074532785548179,-1.044641636506989,-2.0234509473178997,-1.0056704222927573,-2.020832299835027,-1.0141529643595897,-1.984494640786634,-1.039493382874093,-2.0384597173411265,-1.0300724459043071
313,312,-1.9401288628604605,-0.9493198812601814,-1.9469262900723632,-0.94714195570332,-1.9671701383651834,-0.9803329304863199,-2.0102661054152424,-0.9656911411222733,-1.9447969005237629,-1.0010776975004658
314,313,-2.0236772472339073,-1.044641636506989,-1.9598600349589328,-1.0125561242444558,-2.009824676969418,-1.0010007289644292,-2.0029028298070686,-1.0025922619981833,-2.011896851335696,-1.038356659733976
315,314,-1.9909844011747324,-1.044641636506989,-2.0202175110962575,-1.053870335954647,-1.9685460912233843,-0.9793934851009513,-1.9439966249416776,-1.039493382874093,-2.01090325065121,-1.0010776975004658
316,315,-1.9837193242726936,-0.9493198812601814,-1.985727524732072,-0.9987847203410589,-1.998817054103809,-1.0213553789807488,-2.032355932239764,-0.9656911411222733,-1.9250342740653645,-0.9596566283521215
317,316,-1.9800867858216742,-1.044641636506989,-2.0342290680567077,-0.944835245549501,-1.9327713169101552,-0.9258450981349408,-2.0065844676111553,-0.9671671859573097,-1.9752703600488672,-0.9306618799482803
318,317,-1.911068555252305,-1.044641636506989,-1.9932722092492374,-0.9746847635101141,-1.9699220440815854,-0.9912931266489537,-1.9366333493335037,-1.039493382874093,-1.990566341228384,-0.9679408421817904
319,318,-1.9800867858216742,-1.044641636506989,-1.995427833396999,-0.9540276576550185,-2.0180803941186247,-1.0545491159304397,-1.9366333493335037,-1.039493382874093,-1.9713415353239734,-0.9389460937779492
320,319,-2.0236772472339073,-1.044641636506989,-1.96956034362386,-1.0056704222927573,-1.917635835469943,-0.9079956358129374,-2.0176293810234163,-0.9287900202463633,-1.9669569304685814,-0.9969355905856316
321,320,-1.9038034783502662,-1.044641636506989,-1.948004102146244,-0.9207352887185561,-1.9451548926339652,-0.963422913549685,-2.0765355858888075,-0.8586778905821343,-1.9013519384846822,-0.9389460937779492
322,321,-1.9764542473706548,-0.9493198812601814,-1.9383037934813168,-0.9379495435978025,-1.97542585551439,-1.036073356684857,-2.091262137105155,-0.8446554646492885,-1.8666032613355057,-0.9182355592037769
323,322,-1.9292312475074023,-0.9493198812601814,-2.007283766209688,-0.9505848066791693,-1.939651081201161,-1.004445362044114,-2.0544457590642855,-0.8918888993704533,-1.8709787505882876,-0.9430882006927837
324,323,-1.969189170468616,-1.044641636506989,-1.9943500213231184,-0.988456167413511,-1.9217636940445464,-0.9220873165934664,-2.043400845652025,-0.8918888993704533,-1.9339493334179076,-0.9803671629262937
325,324,-2.0018820165277904,-1.044641636506989,-1.9458484779984824,-1.0665055990360137,-1.9272675054773507,-0.9433814119951548,-2.043400845652025,-0.9151366055222766,-1.9155084693379538,-0.9513724145224525
326,325,-1.9546590166645381,-0.9493198812601814,-2.0083615782835684,-1.0332132300995513,-2.0070727712530156,-0.9988086897319025,-2.039719207847938,-0.9656911411222733,-1.9700653509585786,-0.9720829490966248
327,326,-1.9255987090563829,-1.044641636506989,-1.8854910018611577,-0.9712419125342648,-1.97542585551439,-0.9750094066358977,-1.980813002982547,-1.0025922619981833,-2.0006117353045627,-1.0052198044153005
328,327,-2.038207401037985,-1.044641636506989,-1.9329147331119128,-1.0607560379063454,-2.029088016984234,-1.023234269751486,-2.0102661054152424,-1.0025922619981833,-2.001495948757729,-0.9803671629262937
329,328,-2.0127796318808486,-0.9493198812601814,-2.0557853095343237,-1.0022275713169082,-2.0277120641260327,-1.0291840905254872,-1.980813002982547,-1.039493382874093,-2.0170562824129346,-0.955514521437287
330,329,-1.9909844011747324,-0.9493198812601814,-1.96956034362386,-0.9574705086308678,-2.0029449126784122,-0.9631097650878955,-2.0654906724765465,-0.9287900202463633,-2.0236468630999376,-0.9845092698411282
331,330,-1.918333632154344,-0.9493198812601814,-2.0256065714656613,-1.0366560810754006,-2.0703666027302674,-1.0464072559239117,-2.039719207847938,-1.0025922619981833,-2.0411761669188953,-1.0052198044153005
332,331,-1.969189170468616,-1.044641636506989,-1.895191310526085,-0.9230419988723753,-2.011200629827619,-1.0113346282034839,-2.0581273968683726,-0.9656911411222733,-1.9428917395782808,-0.9637987352669559
333,332,-1.9728217089196354,-0.9493198812601814,-2.006205954135807,-0.9712419125342648,-2.0167044412604236,-1.0016270258880082,-2.0581273968683726,-0.9656911411222733,-1.970703443141276,-0.9679408421817904
334,333,-2.0600026317441014,-0.9493198812601814,-2.0471628129432773,-1.0228846771720037,-2.0717425555884685,-1.057680600548335,-2.0065844676111553,-1.039493382874093,-2.062916879143655,-1.0549250873933138
335,334,-1.9946169396257518,-1.044641636506989,-2.0482406250171583,-1.0125561242444558,-1.998817054103809,-1.0066374012766408,-1.9366333493335037,-1.039493382874093,-2.051403873047273,-1.0590671943081482
336,335,-2.020044708782888,-1.044641636506989,-1.9145919278559391,-1.0366560810754006,-1.908004165462535,-0.9105008235072537,-2.06180903467246,-0.8549877784945433,-1.9190544387532291,-0.9472303076076181
337,336,-1.9800867858216742,-0.9493198812601814,-2.0126728265790916,-0.9299277008240737,-2.011200629827619,-0.9928588689579013,-2.039719207847938,-0.9656911411222733,-1.9946136687872074,-0.9969355905856316
338,337,-2.0636351701951208,-1.044641636506989,-2.033151255982827,-1.0332132300995513,-1.998817054103809,-0.9759488520212664,-2.02499265663159,-1.0025922619981833,-2.0225165283763022,-1.0590671943081482
339,338,-1.9728217089196354,-1.044641636506989,-2.007283766209688,-1.0504274849787978,-1.9245155997609484,-0.9433814119951548,-1.9660864517661991,-1.0025922619981833,-1.9565560278906144,-0.9845092698411282
340,339,-2.016412170331868,-1.044641636506989,-2.0137506386529727,-0.867956383258787,-2.009824676969418,-1.003819065120535,-1.980813002982547,-1.039493382874093,-2.0358161925842375,-1.0300724459043071
341,340,-1.969189170468616,-0.9493198812601814,-1.9404594176290784,-0.9436991047274707,-2.022208252693228,-0.9988086897319025,-2.032355932239764,-1.0025922619981833,-2.0247954290287926,-1.0176461251598037
342,341,-1.94376140131148,-0.9493198812601814,-1.9781828402149064,-0.9436991047274707,-2.0070727712530156,-0.9818986727952675,-2.032355932239764,-1.0025922619981833,-2.0236468630999376,-0.9762250560114593
343,342,-2.020044708782888,-1.044641636506989,-1.9814162764365486,-0.9092705949689781,-1.9960651483874068,-0.9912931266489537,-1.9624048139621122,-1.039493382874093,-2.0578030260794664,-0.9927934836707971
344,343,-2.1072256316073537,-1.044641636506989,-2.011595014505211,-1.04009893205125,-1.9506587040667698,-0.9355527004504164,-2.013947743219329,-0.9656911411222733,-1.9929728603174142,-1.0300724459043071
345,344,-1.918333632154344,-0.9493198812601814,-2.0029725179141646,-1.0332132300995513,-1.9575384683577755,-0.9421288181479966,-2.0102661054152424,-0.9656911411222733,-2.0006117353045627,-1.0010776975004658
346,345,-1.9946169396257518,-0.9493198812601814,-1.9824940885104294,-0.9677990615584156,-1.872229391149306,-0.8726098596307199,-2.0213110188275034,-0.9287900202463633,-1.9374223780123034,-0.9845092698411282
347,346,-1.961924093566577,-0.9493198812601814,-2.0299178197611845,-1.0745274418097426,-2.01257658268582,-1.012587222050642,-1.9955395541988947,-1.0025922619981833,-1.9962909396674404,-1.0300724459043071
348,347,-1.969189170468616,-1.044641636506989,-2.0202175110962575,-1.0056704222927573,-2.0043208655366134,-1.0294972389872767,-1.9219067981171558,-1.039493382874093,-2.01090325065121,-1.0010776975004658
349,348,-1.9982494780767712,-0.9493198812601814,-2.0579409336820853,-1.0435417830270992,-2.0965097070360885,-1.0470335528474908,-2.098625412713329,-0.9656911411222733,-2.0611757990451527,-1.0714935150526517
350,349,-2.0273097856849267,-0.9493198812601814,-1.9393816055551976,-0.8920563400897318,-1.9878094312382002,-1.0175975974392746,-2.0029028298070686,-1.0025922619981833,-1.929792618627765,-0.864388169310929
351,350,-2.085430400901237,-0.9493198812601814,-2.0406959404999925,-1.0332132300995513,-2.081374225595876,-1.0695802420963374,-2.0065844676111553,-1.039493382874093,-2.0578030260794664,-1.0424987666488106
352,351,-1.987351862723713,-0.9493198812601814,-2.071952490642536,-1.0469846340029485,-2.0511032627154515,-1.0971373067338164,-1.8814087822721994,-1.0763945037500033,-2.0202923213394715,-1.038356659733976
353,352,-2.0527375548420626,-1.044641636506989,-2.0557853095343237,-1.0366560810754006,-1.9107560711789373,-1.003192768196956,-1.9918579163948078,-0.9656911411222733,-1.8676242088278214,-0.9969355905856316
354,353,-2.0236772472339073,-0.9493198812601814,-1.9544709745895288,-0.9781276144859633,-1.8901167783059205,-0.9111271204308327,-1.9992211920029817,-0.9656911411222733,-1.9258091002872113,-0.9389460937779492
355,354,-2.074532785548179,-0.9493198812601814,-2.0094393903574495,-0.9850133164376619,-2.03734373413344,-1.0216685274425386,-2.013947743219329,-1.0025922619981833,-2.033245592648228,-0.9886513767559626
356,355,-2.00551455497881,-0.9493198812601814,-2.033151255982827,-1.0159989752203051,-1.9919372898128034,-0.9837775635660048,-1.984494640786634,-1.0025922619981833,-2.028323167238848,-1.075635621967486
357,356,-2.0600026317441014,-0.9493198812601814,-1.9501597262940056,-0.9815704654618126,-2.0167044412604236,-1.0301235359108558,-2.0176293810234163,-1.0025922619981833,-1.9502297996793005,-1.0590671943081482
358,357,-2.020044708782888,-1.044641636506989,-2.0848862355291056,-1.026327528147853,-2.035967781275239,-1.0341944659141198,-1.9587231761580253,-1.0516707527631435,-2.082378690715925,-1.046640873563645
359,358,-1.961924093566577,-0.9493198812601814,-1.9943500213231184,-0.9677990615584156,-1.9933132426710045,-0.9825249697188467,-2.02499265663159,-0.9656911411222733,-1.9851790200858963,-0.9389460937779492
360,359,-1.9837193242726936,-1.044641636506989,-1.979260652288787,-0.9781276144859633,-2.0139525355440213,-1.013213518974221,-2.0065844676111553,-1.0025922619981833,-1.9866830945165401,-0.9596566283521215
361,360,-1.9582915551155575,-1.044641636506989,-2.007283766209688,-0.9712419125342648,-2.0428475455662447,-1.048286146694649,-1.9476782627457645,-1.0763945037500033,-2.0721327533823275,-0.9762250560114593
362,361,-1.9800867858216742,-0.9493198812601814,-1.895191310526085,-0.9299277008240737,-2.035967781275239,-1.026678902831171,-2.02499265663159,-1.0025922619981833,-1.9962909396674404,-0.9596566283521215
363,362,-2.049105016391043,-0.9493198812601814,-2.0245287593917807,-0.9999208611630891,-2.046975404140848,-1.0282446451401186,-2.0654906724765465,-0.9715953204624189,-1.9808035308331144,-0.9886513767559626
364,363,-1.9982494780767712,-0.9493198812601814,-2.006205954135807,-1.0194418261961544,-2.009824676969418,-0.9950509081904281,-2.039719207847938,-0.9656911411222733,-1.9851790200858963,-0.9016671315444391
365,364,-1.9655566320175963,-1.044641636506989,-2.038540316352231,-1.0125561242444558,-1.9905613369546022,-0.9947377597286385,-2.0065844676111553,-1.0025922619981833,-1.968807397798404,-0.9016671315444391
366,365,-2.0454724779400237,-0.9493198812601814,-1.8628569483096609,-1.0159989752203051,-1.9589144212159766,-0.9681201404765281,-2.043400845652025,-0.9287900202463633,-1.9289813299954783,-0.9513724145224525
367,366,-2.0091470934298292,-0.9493198812601814,-1.829444774019356,-0.9850133164376619,-1.9699220440815854,-0.966241249705791,-2.0213110188275034,-0.9656911411222733,-1.966346185093714,-0.9679408421817904
368,367,-2.016412170331868,-0.9493198812601814,-1.9975834575447606,-0.9850133164376619,-1.9781777612307923,-1.0100820343563257,-2.02499265663159,-0.9656911411222733,-1.9144692906404182,-0.9182355592037769
369,368,-2.0091470934298292,-1.044641636506989,-1.9620156591066944,-1.04009893205125,-2.0249601584096304,-1.003819065120535,-2.043400845652025,-0.9841417015602283,-2.0051421898017137,-0.9720829490966248
370,369,-1.9800867858216742,-1.044641636506989,-2.0579409336820853,-1.0573131869304964,-2.001568959820211,-1.012587222050642,-1.9255884359212427,-1.039493382874093,-2.0611757990451527,-1.075635621967486
371,370,-1.9473939397624993,-0.9493198812601814,-2.0094393903574495,-0.9505848066791693,-1.9492827512085686,-1.0191633397482223,-2.013947743219329,-0.9656911411222733,-1.8806595205600678,-1.0176461251598037
372,371,-2.0273097856849267,-0.9493198812601814,-2.0234509473178997,-1.0159989752203051,-1.986433478379999,-0.9872221966456897,-1.9734497273743732,-1.0025922619981833,-2.01090325065121,-1.021788232074638
373,372,-2.074532785548179,-1.044641636506989,-2.0105172024313305,-1.0056704222927573,-2.066238744155664,-1.057054303624756,-2.0029028298070686,-1.039493382874093,-2.0425708541182193,-1.0010776975004658
374,373,-2.1072256316073537,-1.044641636506989,-2.0342290680567077,-1.067641739858044,-2.0634868384392617,-1.0705196874817058,-1.9918579163948078,-1.039493382874093,-2.0006117353045627,-1.0797777288823207
375,374,-1.9546590166645381,-0.9493198812601814,-2.0029725179141646,-0.8920563400897318,-1.964418232648781,-0.9775145943302141,-1.9734497273743732,-1.0025922619981833,-1.9719796275066708,-0.9803671629262937
376,375,-2.0018820165277904,-1.044641636506989,-1.931836921038032,-1.0056704222927573,-1.8804851082985128,-0.8697915234746141,-2.02499265663159,-0.9132915494784811,-1.9538669251206755,-1.0010776975004658
377,376,-1.9800867858216742,-0.9493198812601814,-1.990038773027595,-0.9815704654618126,-1.9850575255217977,-0.9552810535431571,-2.06180903467246,-0.9287900202463633,-1.990566341228384,-1.0632093012229828
378,377,-1.9837193242726936,-0.9493198812601814,-1.9975834575447606,-1.0056704222927573,-2.0056968183948145,-0.9891010874164269,-2.050764121260199,-0.9656911411222733,-1.9773122550334987,-1.038356659733976
379,378,-2.0018820165277904,-1.044641636506989,-2.038540316352231,-0.9781276144859633,-2.1088932827598987,-1.1156130659793988,-1.9771313651784599,-1.0763945037500033,-2.0468825341527315,-0.9762250560114593
380,379,-1.9837193242726936,-1.044641636506989,-1.973871591919383,-0.9413923945736518,-2.0607349327228595,-1.044215216691385,-2.013947743219329,-1.0339582147427067,-2.051403873047273,-1.0259303389894727
381,380,-2.0709002470971596,-0.9493198812601814,-2.0891974838246288,-1.0745274418097426,-2.0428475455662447,-1.0257394574458023,-2.032355932239764,-1.0025922619981833,-2.012908683225402,-1.0549250873933138
382,381,-1.9510264782135187,-1.044641636506989,-1.9393816055551976,-1.0228846771720037,-2.0235842055514293,-1.0727117267142325,-2.043400845652025,-1.0025922619981833,-1.895864345713485,-0.9637987352669559
383,382,-1.9946169396257518,-0.9493198812601814,-2.028840007687304,-1.0091132732686066,-2.031839922700636,-1.0288709420636977,-1.9918579163948078,-1.039493382874093,-2.01811369231569,-0.9927934836707971
384,383,-1.9655566320175963,-0.9493198812601814,-2.0299178197611845,-0.9953418693652097,-1.906628212604334,-0.9130060112015699,-1.9660864517661991,-1.0025922619981833,-1.9759449146420045,-1.038356659733976
385,384,-1.9764542473706548,-0.9493198812601814,-2.0191396990223764,-0.9505848066791693,-2.0634868384392617,-1.0611252336280197,-1.9955395541988947,-1.039493382874093,-2.025953110560258,-1.0135040182449693
386,385,-1.9800867858216742,-1.044641636506989,-2.0406959404999925,-1.0159989752203051,-2.0084487241112168,-1.0175975974392746,-1.9476782627457645,-1.039493382874093,-2.0307479175330982,-0.9969355905856316
387,386,-2.0454724779400237,-1.044641636506989,-1.984649712658191,-1.0745274418097426,-2.0497273098572504,-1.0172844489774848,-2.0286742944356773,-1.0025922619981833,-2.104365524211154,-1.075635621967486
388,387,-1.9473939397624993,-0.9493198812601814,-2.0245287593917807,-0.9436991047274707,-2.0070727712530156,-1.0050716589676931,-2.0213110188275034,-1.0025922619981833,-1.9732831586798953,-1.038356659733976
389,388,-2.00551455497881,-0.9493198812601814,-1.9986612696186414,-1.0848559947372904,-2.011200629827619,-1.016658152053906,-1.9513599005498514,-1.039493382874093,-2.0411761669188953,-1.0880619427119895
390,389,-1.9909844011747324,-0.9493198812601814,-1.9307591089641511,-0.9402562537516215,-1.9823056198053957,-1.023234269751486,-2.0470824834561117,-0.9656911411222733,-1.8967029811536014,-0.9265197730334458
391,390,-2.0236772472339073,-1.044641636506989,-2.0697968664947743,-1.0641988888821947,-2.0593589798646583,-1.0504781859271757,-1.980813002982547,-1.039493382874093,-2.0891333522499074,-1.0507829804784794
392,391,-2.0418399394890043,-0.9493198812601814,-2.0299178197611845,-1.0022275713169082,-1.9781777612307923,-0.963422913549685,-1.9881762785907209,-1.0025922619981833,-2.0411761669188953,-0.9348039868631147
393,392,-2.074532785548179,-1.044641636506989,-2.0460850008693967,-1.0435417830270992,-2.029088016984234,-1.023234269751486,-1.984494640786634,-1.039493382874093,-2.0398088265274006,-1.021788232074638
394,393,-1.9655566320175963,-1.044641636506989,-1.9814162764365486,-0.9436991047274707,-1.9878094312382002,-1.0545491159304397,-2.0691723102806336,-0.9287900202463633,-1.869921340685532,-0.9927934836707971
395,394,-2.0600026317441014,-1.044641636506989,-1.9986612696186414,-1.0297703791237023,-2.0070727712530156,-1.0216685274425386,-1.9881762785907209,-1.0025922619981833,-1.9681875368209263,-1.0549250873933138
396,395,-2.085430400901237,-0.9493198812601814,-2.0309956318350655,-1.0228846771720037,-2.0634868384392617,-1.0542359674686501,-1.980813002982547,-1.039493382874093,-2.096434949940487,-1.0342145528191415
397,396,-1.9473939397624993,-1.044641636506989,-2.004050329988045,-1.0309065199457323,-2.046975404140848,-1.058306897471914,-2.013947743219329,-1.0258399681500066,-1.963939666004684,-0.9762250560114593
398,397,-1.987351862723713,-1.044641636506989,-1.984649712658191,-1.0332132300995513,-1.9589144212159766,-0.9678069920147385,-2.0029028298070686,-1.0025922619981833,-1.9549334506260412,-1.0673514081378173
399,398,-1.9401288628604605,-0.9493198812601814,-1.9771050281410256,-0.9505848066791693,-1.9836815726635968,-0.9881616420310583,-2.013947743219329,-1.0025922619981833,-1.9604575058076783,-0.9803671629262937
400,399,-2.0236772472339073,-1.044641636506989,-1.9544709745895288,-0.9092705949689781,-2.0180803941186247,-1.035447059761278,-1.9292700737253299,-1.039493382874093,-2.0345217770136226,-1.0093619113301349
401,400,-1.9837193242726936,-1.044641636506989,-2.0450071887955157,-1.0573131869304964,-2.034591828417038,-1.0539228190068606,-1.9255884359212427,-1.0763945037500033,-2.0425708541182193,-0.9596566283521215
402,401,-1.8892733245461886,-0.9493198812601814,-2.033151255982827,-1.0228846771720037,-2.0043208655366134,-0.9797066335627409,-2.06180903467246,-0.9287900202463633,-1.9844315406718793,-0.955514521437287
403,402,-2.020044708782888,-1.044641636506989,-1.9027359950432503,-1.0056704222927573,-2.0056968183948145,-1.0238605666750653,-2.0213110188275034,-1.0025922619981833,-1.9383157070680797,-0.9596566283521215
404,403,-2.016412170331868,-1.044641636506989,-1.9458484779984824,-0.9299277008240737,-2.033215875558837,-1.0279314966783293,-1.9918579163948078,-1.039493382874093,-2.027129023296943,-1.0093619113301349
405,404,-1.9510264782135187,-0.9493198812601814,-1.8768685052701113,-0.9161562969206766,-2.1047654241852953,-1.1008950882752908,-2.0691723102806336,-1.0025922619981833,-1.9633562674376464,-1.0300724459043071
406,405,-2.056370093293082,-1.044641636506989,-2.0805749872335824,-1.0848559947372904,-2.03734373413344,-1.0370128020702256,-1.9660864517661991,-1.039493382874093,-2.0561531020070634,-1.1377672256900029
407,406,-1.9728217089196354,-1.044641636506989,-1.9070472433387735,-1.0527341951326168,-1.9919372898128034,-0.9602914289317896,-2.0286742944356773,-0.978975544637601,-2.0483592617755457,-0.9803671629262937
408,407,-1.936496324409441,-1.044641636506989,-2.05039624916492,-0.8920563400897318,-1.9685460912233843,-0.9806460789481095,-2.0176293810234163,-0.9763924661762872,-1.9419619481120647,-0.9596566283521215
409,408,-2.0527375548420626,-0.9493198812601814,-2.011595014505211,-0.9436991047274707,-1.943778939775764,-0.927097691982099,-2.039719207847938,-0.9287900202463633,-1.9694363743784913,-1.0052198044153005
410,409,-2.0091470934298292,-0.9493198812601814,-2.027762195613423,-0.9918990183893605,-1.952034656924971,-0.962796616626106,-2.0286742944356773,-0.9656911411222733,-1.9339493334179076,-1.0424987666488106
411,410,-1.9946169396257518,-1.044641636506989,-1.9415372297029592,-1.0435417830270992,-2.0731185084466697,-1.072398578252443,-1.980813002982547,-1.0763945037500033,-2.051403873047273,-1.0259303389894727
412,411,-1.9255987090563829,-1.044641636506989,-1.9145919278559391,-0.9368134027757722,-1.9850575255217977,-0.9869090481839002,-1.984494640786634,-1.0025922619981833,-1.9937932645523109,-0.9140934522889423
413,412,-2.0527375548420626,-1.044641636506989,-2.000816893766403,-1.026327528147853,-1.989185384096401,-0.9928588689579013,-1.9513599005498514,-1.039493382874093,-2.0358161925842375,-0.9803671629262937
414,413,-1.918333632154344,-0.9493198812601814,-1.9932722092492374,-1.0045342814707272,-1.8901167783059205,-0.8829437588697746,-2.032355932239764,-0.9081253925558537,-1.945280027462091,-0.9927934836707971
415,414,-2.00551455497881,-1.044641636506989,-1.991116585101476,-1.0504274849787978,-1.9740499026561888,-0.9527758658488409,-2.043400845652025,-0.9287900202463633,-1.9851790200858963,-0.9969355905856316
416,415,-2.0273097856849267,-1.044641636506989,-1.9199809882253431,-0.9012487521952492,-2.0029449126784122,-0.9818986727952675,-2.0176293810234163,-0.9966880826580377,-2.029526426783363,-0.9637987352669559
417,416,-2.0527375548420626,-1.044641636506989,-1.9286034848163895,-1.0745274418097426,-2.0153284884022225,-1.0013138774262187,-1.9955395541988947,-1.0214118336448974,-2.0468825341527315,-0.9969355905856316
418,417,-1.9909844011747324,-1.044641636506989,-2.0245287593917807,-1.026327528147853,-1.9011244011715296,-0.9058035965804105,-1.9292700737253299,-1.0025922619981833,-2.021395309255277,-0.9927934836707971
419,418,-2.020044708782888,-1.044641636506989,-2.054707497460443,-1.053870335954647,-2.066238744155664,-1.0573674520865455,-1.9881762785907209,-1.039493382874093,-2.074092607943469,-1.0052198044153005
420,419,-1.9764542473706548,-1.044641636506989,-2.0363846922044693,-0.9999208611630891,-1.998817054103809,-0.9653018043204223,-2.043400845652025,-0.9656911411222733,-2.033245592648228,-0.9389460937779492
421,420,-1.961924093566577,-0.9493198812601814,-1.9835719005843104,-0.9781276144859633,-1.9602903740741777,-0.9549679050813676,-2.043400845652025,-0.9287900202463633,-1.9502297996793005,-0.9845092698411282
422,421,-2.0781653239991984,-0.9493198812601814,-1.9221366123731047,-0.94714195570332,-1.9217636940445464,-0.9355527004504164,-1.9734497273743732,-1.0025922619981833,-1.959327171084043,-1.0093619113301349
423,422,-1.9909844011747324,-0.9493198812601814,-2.039618128426112,-0.9712419125342648,-1.9616663269323789,-0.9264713950585199,-2.0728539480847203,-0.8918888993704533,-1.9844315406718793,-1.046640873563645
424,423,-1.9982494780767712,-0.9493198812601814,-1.9889609609537144,-1.0194418261961544,-2.0167044412604236,-1.003819065120535,-2.0470824834561117,-0.9656911411222733,-1.9759449146420045,-0.9762250560114593
425,424,-2.0781653239991984,-1.044641636506989,-2.0406959404999925,-1.0814131437614412,-2.100637565610692,-1.1127947298232932,-1.9771313651784599,-1.0763945037500033,-2.0202923213394715,-1.0507829804784794
426,425,-1.969189170468616,-0.9493198812601814,-2.0342290680567077,-0.9563343678088375,-1.9424029869175632,-0.9311686219853629,-2.032355932239764,-0.94244343497045,-1.9645412957769415,-0.9140934522889423
427,426,-2.0345748625869655,-0.9493198812601814,-1.9943500213231184,-1.0056704222927573,-2.0731185084466697,-1.0626909759369676,-2.0065844676111553,-1.039493382874093,-2.045424037735138,-0.9679408421817904
428,427,-1.9510264782135187,-0.9493198812601814,-1.9113584916342967,-0.9127134459448274,-1.964418232648781,-0.9784540397155826,-2.02499265663159,-0.9656911411222733,-1.9339493334179076,-0.8685302762257634
429,428,-2.0418399394890043,-1.044641636506989,-2.033151255982827,-1.0228846771720037,-1.953410609783172,-0.9584125381610525,-1.9439966249416776,-1.0247329345237293,-2.025953110560258,-1.038356659733976
430,429,-2.0091470934298292,-1.044641636506989,-2.0568631216082047,-1.0504274849787978,-1.9781777612307923,-0.9546547566195781,-2.0286742944356773,-0.9656911411222733,-2.009918765569334,-1.0176461251598037
431,430,-1.9292312475074023,-0.9493198812601814,-2.0309956318350655,-0.9781276144859633,-2.03734373413344,-1.0470335528474908,-1.9660864517661991,-1.039493382874093,-2.0149596938126435,-1.0010776975004658
432,431,-1.9909844011747324,-1.044641636506989,-1.9447706659246016,-1.0056704222927573,-1.9424029869175632,-0.9552810535431571,-2.0029028298070686,-0.9767614773850463,-1.944313773585435,-0.8933829177147701
433,432,-2.0273097856849267,-1.044641636506989,-2.060096557829847,-1.0297703791237023,-1.953410609783172,-0.9800197820245304,-1.8777271444681125,-1.039493382874093,-2.051403873047273,-1.0093619113301349
434,433,-1.9837193242726936,-1.044641636506989,-1.9986612696186414,-0.9918990183893605,-1.9946891955292056,-0.9891010874164269,-1.969768089570286,-1.039493382874093,-2.045424037735138,-0.9679408421817904
435,434,-2.0127796318808486,-1.044641636506989,-2.0234509473178997,-1.04009893205125,-2.0167044412604236,-0.9953640566522176,-2.0176293810234163,-1.0025922619981833,-2.0384597173411265,-1.038356659733976
436,435,-2.056370093293082,-1.044641636506989,-2.0741081147902976,-1.0504274849787978,-2.0249601584096304,-1.0470335528474908,-1.9071802469008081,-1.0763945037500033,-2.0611757990451527,-1.046640873563645
437,436,-1.9582915551155575,-0.9493198812601814,-1.980338464362668,-0.9402562537516215,-2.0056968183948145,-1.0025664712733768,-2.0286742944356773,-1.0025922619981833,-1.968807397798404,-0.9927934836707971
438,437,-2.00551455497881,-0.9493198812601814,-2.0159062628007343,-1.067641739858044,-1.9506587040667698,-0.9208347227463083,-2.0286742944356773,-0.9656911411222733,-2.01811369231569,-0.955514521437287
439,438,-1.9582915551155575,-0.9493198812601814,-2.0159062628007343,-0.9827066062838429,-2.03734373413344,-1.0138398158978001,-2.02499265663159,-1.0110795197996425,-2.0468825341527315,-0.9845092698411282
440,439,-2.0454724779400237,-1.044641636506989,-1.9609378470328136,-0.9987847203410589,-1.9836815726635968,-0.9847170089513734,-2.0286742944356773,-0.9734403765062144,-1.9554712711800288,-1.0259303389894727
441,440,-2.0454724779400237,-1.044641636506989,-2.0730303027164165,-1.0814131437614412,-1.9162598826117418,-0.972191070479792,-1.8261842152108954,-1.039493382874093,-2.0042215139381074,-0.9969355905856316
